TIME,USD_CNY
2007/7/2,7.605
2007/7/3,7.594
2007/7/4,7.595
2007/7/5,7.598
2007/7/6,7.601
2007/7/9,7.6015
2007/7/10,7.581
2007/7/11,7.563
2007/7/12,7.566
2007/7/13,7.57
2007/7/16,7.5675
2007/7/17,7.562
2007/7/18,7.566
2007/7/19,7.563
2007/7/20,7.57
2007/7/23,7.562
2007/7/24,7.5625
2007/7/25,7.557
2007/7/26,7.5654
2007/7/27,7.56
2007/7/30,7.567
2007/7/31,7.5725
2007/8/1,7.57
2007/8/2,7.572
2007/8/3,7.565
2007/8/6,7.561
2007/8/7,7.5703
2007/8/8,7.577
2007/8/9,7.5651
2007/8/10,7.574
2007/8/13,7.583
2007/8/14,7.5761
2007/8/15,7.5847
2007/8/16,7.603
2007/8/17,7.595
2007/8/20,7.5875
2007/8/21,7.59
2007/8/22,7.602
2007/8/23,7.584
2007/8/24,7.568
2007/8/27,7.56
2007/8/28,7.5555
2007/8/29,7.549
2007/8/30,7.5445
2007/8/31,7.545
2007/9/3,7.5449
2007/9/4,7.55
2007/9/5,7.5512
2007/9/6,7.5388
2007/9/7,7.538
2007/9/10,7.521
2007/9/11,7.523
2007/9/12,7.5217
2007/9/13,7.5105
2007/9/14,7.516
2007/9/17,7.523
2007/9/18,7.523
2007/9/19,7.513
2007/9/20,7.514
2007/9/21,7.503
2007/9/24,7.509
2007/9/25,7.513
2007/9/26,7.515
2007/9/27,7.5145
2007/9/28,7.506
2007/10/1,7.506
2007/10/2,7.506
2007/10/3,7.506
2007/10/4,7.506
2007/10/5,7.506
2007/10/8,7.5036
2007/10/9,7.517
2007/10/10,7.5115
2007/10/11,7.506
2007/10/12,7.5105
2007/10/15,7.528
2007/10/16,7.518
2007/10/17,7.516
2007/10/18,7.511
2007/10/19,7.5083
2007/10/22,7.5095
2007/10/23,7.5035
2007/10/24,7.4938
2007/10/25,7.482
2007/10/26,7.488
2007/10/29,7.475
2007/10/30,7.4715
2007/10/31,7.4715
2007/11/1,7.461
2007/11/2,7.4555
2007/11/5,7.454
2007/11/6,7.454
2007/11/7,7.4425
2007/11/8,7.4207
2007/11/9,7.4115
2007/11/12,7.412
2007/11/13,7.4335
2007/11/14,7.425
2007/11/15,7.422
2007/11/16,7.4245
2007/11/19,7.426
2007/11/20,7.4253
2007/11/21,7.411
2007/11/22,7.412
2007/11/23,7.3993
2007/11/26,7.3969
2007/11/27,7.3872
2007/11/28,7.395
2007/11/29,7.382
2007/11/30,7.398
2007/12/3,7.4025
2007/12/4,7.3985
2007/12/5,7.3933
2007/12/6,7.4135
2007/12/7,7.403
2007/12/10,7.396
2007/12/11,7.3805
2007/12/12,7.374
2007/12/13,7.3675
2007/12/14,7.371
2007/12/17,7.3796
2007/12/18,7.385
2007/12/19,7.377
2007/12/20,7.369
2007/12/21,7.365
2007/12/24,7.3477
2007/12/25,7.3301
2007/12/26,7.3448
2007/12/27,7.3179
2007/12/28,7.3041
2007/12/31,7.3041
2008/1/1,7.3041
2008/1/2,7.2938
2008/1/3,7.2729
2008/1/4,7.273
2008/1/7,7.2694
2008/1/8,7.2647
2008/1/9,7.2636
2008/1/10,7.2714
2008/1/11,7.2625
2008/1/14,7.2515
2008/1/15,7.2421
2008/1/16,7.2324
2008/1/17,7.2486
2008/1/18,7.2423
2008/1/21,7.241
2008/1/22,7.2392
2008/1/23,7.2322
2008/1/24,7.223
2008/1/25,7.2106
2008/1/28,7.1967
2008/1/29,7.1949
2008/1/30,7.191
2008/1/31,7.1822
2008/2/1,7.183
2008/2/4,7.1919
2008/2/5,7.184
2008/2/6,7.1896
2008/2/7,7.1896
2008/2/8,7.1896
2008/2/11,7.192
2008/2/12,7.19
2008/2/13,7.1977
2008/2/14,7.19
2008/2/15,7.18
2008/2/18,7.1655
2008/2/19,7.15
2008/2/20,7.144
2008/2/21,7.141
2008/2/22,7.1422
2008/2/25,7.152
2008/2/26,7.157
2008/2/27,7.1425
2008/2/28,7.1125
2008/2/29,7.1119
2008/3/3,7.104
2008/3/4,7.1064
2008/3/5,7.11
2008/3/6,7.106
2008/3/7,7.1114
2008/3/10,7.1065
2008/3/11,7.1031
2008/3/12,7.1014
2008/3/13,7.0904
2008/3/14,7.0906
2008/3/17,7.0832
2008/3/18,7.08
2008/3/19,7.0667
2008/3/20,7.0525
2008/3/21,7.053
2008/3/24,7.0555
2008/3/25,7.0519
2008/3/26,7.0294
2008/3/27,7.0109
2008/3/28,7.012
2008/3/31,7.0124
2008/4/1,7.012
2008/4/2,7.0189
2008/4/3,7.0175
2008/4/4,7.0175
2008/4/7,7.0015
2008/4/8,7.0012
2008/4/9,7.0021
2008/4/10,6.992
2008/4/11,7.0065
2008/4/14,6.9994
2008/4/15,6.9925
2008/4/16,6.9922
2008/4/17,6.9842
2008/4/18,6.9939
2008/4/21,7
2008/4/22,6.989
2008/4/23,6.9825
2008/4/24,6.9875
2008/4/25,7.01
2008/4/28,7.0024
2008/4/29,6.9849
2008/4/30,6.9885
2008/5/1,6.9885
2008/5/2,6.9885
2008/5/5,6.9883
2008/5/6,6.9877
2008/5/7,6.989
2008/5/8,7.0048
2008/5/9,6.9878
2008/5/12,6.9886
2008/5/13,6.9887
2008/5/14,7.0026
2008/5/15,6.9947
2008/5/16,6.9925
2008/5/19,6.9725
2008/5/20,6.9735
2008/5/21,6.9597
2008/5/22,6.9435
2008/5/23,6.9416
2008/5/26,6.9365
2008/5/27,6.95
2008/5/28,6.9444
2008/5/29,6.9379
2008/5/30,6.9425
2008/6/2,6.933
2008/6/3,6.9252
2008/6/4,6.9394
2008/6/5,6.948
2008/6/6,6.9231
2008/6/9,6.9231
2008/6/10,6.9199
2008/6/11,6.918
2008/6/12,6.9075
2008/6/13,6.902
2008/6/16,6.9005
2008/6/17,6.8914
2008/6/18,6.8822
2008/6/19,6.8775
2008/6/20,6.8801
2008/6/23,6.8742
2008/6/24,6.8702
2008/6/25,6.8653
2008/6/26,6.8657
2008/6/27,6.8618
2008/6/30,6.8544
2008/7/1,6.8564
2008/7/2,6.8531
2008/7/3,6.851
2008/7/4,6.859
2008/7/7,6.8674
2008/7/8,6.8581
2008/7/9,6.8599
2008/7/10,6.8429
2008/7/11,6.8341
2008/7/14,6.8449
2008/7/15,6.8212
2008/7/16,6.8109
2008/7/17,6.8209
2008/7/18,6.8168
2008/7/21,6.83
2008/7/22,6.8217
2008/7/23,6.8295
2008/7/24,6.8289
2008/7/25,6.819
2008/7/28,6.8375
2008/7/29,6.8257
2008/7/30,6.8265
2008/7/31,6.8315
2008/8/1,6.8425
2008/8/4,6.8518
2008/8/5,6.8555
2008/8/6,6.8487
2008/8/7,6.8632
2008/8/8,6.8575
2008/8/11,6.8577
2008/8/12,6.8659
2008/8/13,6.8572
2008/8/14,6.863
2008/8/15,6.87
2008/8/18,6.871
2008/8/19,6.8599
2008/8/20,6.8547
2008/8/21,6.8442
2008/8/22,6.8342
2008/8/25,6.8487
2008/8/26,6.848
2008/8/27,6.8375
2008/8/28,6.8291
2008/8/29,6.8487
2008/9/1,6.8253
2008/9/2,6.833
2008/9/3,6.8434
2008/9/4,6.836
2008/9/5,6.8423
2008/9/8,6.8374
2008/9/9,6.8386
2008/9/10,6.8385
2008/9/11,6.8487
2008/9/12,6.8375
2008/9/15,6.8487
2008/9/16,6.8491
2008/9/17,6.8379
2008/9/18,6.8345
2008/9/19,6.835
2008/9/22,6.8311
2008/9/23,6.8126
2008/9/24,6.824
2008/9/25,6.8204
2008/9/26,6.8451
2008/9/29,6.8451
2008/9/30,6.8451
2008/10/1,6.8451
2008/10/2,6.8451
2008/10/3,6.8451
2008/10/6,6.8429
2008/10/7,6.8152
2008/10/8,6.8136
2008/10/9,6.8205
2008/10/10,6.835
2008/10/13,6.835
2008/10/14,6.8312
2008/10/15,6.8315
2008/10/16,6.8339
2008/10/17,6.8341
2008/10/20,6.8301
2008/10/21,6.8336
2008/10/22,6.8347
2008/10/23,6.8355
2008/10/24,6.8441
2008/10/27,6.8523
2008/10/28,6.8388
2008/10/29,6.8415
2008/10/30,6.8382
2008/10/31,6.8395
2008/11/3,6.8381
2008/11/4,6.836
2008/11/5,6.8284
2008/11/6,6.8232
2008/11/7,6.8256
2008/11/10,6.8265
2008/11/11,6.8211
2008/11/12,6.8296
2008/11/13,6.83
2008/11/14,6.8243
2008/11/17,6.827
2008/11/18,6.8244
2008/11/19,6.83
2008/11/20,6.8345
2008/11/21,6.8307
2008/11/24,6.8254
2008/11/25,6.824
2008/11/26,6.8287
2008/11/27,6.8283
2008/11/28,6.8259
2008/12/1,6.8849
2008/12/2,6.8793
2008/12/3,6.8753
2008/12/4,6.8822
2008/12/5,6.8752
2008/12/8,6.8791
2008/12/9,6.8735
2008/12/10,6.8645
2008/12/11,6.8514
2008/12/12,6.8425
2008/12/15,6.8492
2008/12/16,6.845
2008/12/17,6.8353
2008/12/18,6.8345
2008/12/19,6.8445
2008/12/22,6.8518
2008/12/23,6.8485
2008/12/24,6.836
2008/12/25,6.8313
2008/12/26,6.8414
2008/12/29,6.8452
2008/12/30,6.8308
2008/12/31,6.823
2009/1/1,6.823
2009/1/2,6.823
2009/1/5,6.8305
2009/1/6,6.8365
2009/1/7,6.8335
2009/1/8,6.8347
2009/1/9,6.8355
2009/1/12,6.8366
2009/1/13,6.8342
2009/1/14,6.835
2009/1/15,6.8365
2009/1/16,6.8374
2009/1/19,6.8355
2009/1/20,6.841
2009/1/21,6.8397
2009/1/22,6.8375
2009/1/23,6.8397
2009/1/26,6.8397
2009/1/27,6.8397
2009/1/28,6.8397
2009/1/29,6.8397
2009/1/30,6.835
2009/2/2,6.8475
2009/2/3,6.8405
2009/2/4,6.834
2009/2/5,6.836
2009/2/6,6.8344
2009/2/9,6.8397
2009/2/10,6.8247
2009/2/11,6.8332
2009/2/12,6.835
2009/2/13,6.8397
2009/2/16,6.8254
2009/2/17,6.836
2009/2/18,6.8379
2009/2/19,6.8355
2009/2/20,6.8372
2009/2/23,6.836
2009/2/24,6.8373
2009/2/25,6.8374
2009/2/26,6.8366
2009/2/27,6.8396
2009/3/2,6.844
2009/3/3,6.8414
2009/3/4,6.8434
2009/3/5,6.8408
2009/3/6,6.84
2009/3/9,6.8405
2009/3/10,6.8414
2009/3/11,6.8404
2009/3/12,6.8388
2009/3/13,6.8382
2009/3/16,6.8383
2009/3/17,6.8371
2009/3/18,6.8348
2009/3/19,6.8245
2009/3/20,6.8277
2009/3/23,6.8338
2009/3/24,6.8295
2009/3/25,6.8309
2009/3/26,6.8322
2009/3/27,6.8315
2009/3/30,6.8366
2009/3/31,6.8334
2009/4/1,6.8342
2009/4/2,6.8345
2009/4/3,6.8348
2009/4/6,6.8348
2009/4/7,6.8365
2009/4/8,6.8355
2009/4/9,6.8345
2009/4/10,6.8337
2009/4/13,6.8353
2009/4/14,6.8323
2009/4/15,6.8325
2009/4/16,6.8321
2009/4/17,6.8326
2009/4/20,6.8336
2009/4/21,6.8259
2009/4/22,6.8299
2009/4/23,6.8268
2009/4/24,6.8265
2009/4/27,6.8272
2009/4/28,6.8268
2009/4/29,6.8245
2009/4/30,6.8185
2009/5/1,6.8185
2009/5/4,6.8224
2009/5/5,6.8193
2009/5/6,6.8181
2009/5/7,6.8215
2009/5/8,6.8214
2009/5/11,6.8236
2009/5/12,6.8215
2009/5/13,6.8225
2009/5/14,6.8247
2009/5/15,6.825
2009/5/18,6.827
2009/5/19,6.8246
2009/5/20,6.825
2009/5/21,6.8247
2009/5/22,6.8232
2009/5/25,6.8239
2009/5/26,6.8328
2009/5/27,6.8283
2009/5/28,6.8283
2009/5/29,6.8283
2009/6/1,6.8266
2009/6/2,6.8308
2009/6/3,6.8308
2009/6/4,6.8333
2009/6/5,6.8331
2009/6/8,6.8373
2009/6/9,6.8354
2009/6/10,6.8332
2009/6/11,6.8369
2009/6/12,6.8354
2009/6/15,6.8363
2009/6/16,6.834
2009/6/17,6.8369
2009/6/18,6.8347
2009/6/19,6.8363
2009/6/22,6.8355
2009/6/23,6.8347
2009/6/24,6.8332
2009/6/25,6.8346
2009/6/26,6.8335
2009/6/29,6.8335
2009/6/30,6.8305
2009/7/1,6.8341
2009/7/2,6.8314
2009/7/3,6.8325
2009/7/6,6.8344
2009/7/7,6.8328
2009/7/8,6.8328
2009/7/9,6.8318
2009/7/10,6.8327
2009/7/13,6.8328
2009/7/14,6.8329
2009/7/15,6.8317
2009/7/16,6.8312
2009/7/17,6.8314
2009/7/20,6.8308
2009/7/21,6.831
2009/7/22,6.8307
2009/7/23,6.8309
2009/7/24,6.8314
2009/7/27,6.8312
2009/7/28,6.8307
2009/7/29,6.8315
2009/7/30,6.8323
2009/7/31,6.8321
2009/8/3,6.8318
2009/8/4,6.8312
2009/8/5,6.8308
2009/8/6,6.8313
2009/8/7,6.8318
2009/8/10,6.8343
2009/8/11,6.8361
2009/8/12,6.8351
2009/8/13,6.8336
2009/8/14,6.8344
2009/8/17,6.8362
2009/8/18,6.8339
2009/8/19,6.8341
2009/8/20,6.8318
2009/8/21,6.8314
2009/8/24,6.8312
2009/8/25,6.8315
2009/8/26,6.8312
2009/8/27,6.8318
2009/8/28,6.8301
2009/8/31,6.8304
2009/9/1,6.8302
2009/9/2,6.8308
2009/9/3,6.8306
2009/9/4,6.8298
2009/9/7,6.829
2009/9/8,6.8276
2009/9/9,6.8288
2009/9/10,6.8293
2009/9/11,6.8285
2009/9/14,6.8289
2009/9/15,6.8289
2009/9/16,6.8252
2009/9/17,6.8265
2009/9/18,6.8281
2009/9/21,6.8289
2009/9/22,6.827
2009/9/23,6.8262
2009/9/24,6.8268
2009/9/25,6.8285
2009/9/28,6.827
2009/9/29,6.828
2009/9/30,6.8265
2009/10/1,6.8265
2009/10/2,6.8265
2009/10/5,6.8265
2009/10/6,6.8265
2009/10/7,6.8265
2009/10/8,6.8265
2009/10/9,6.8255
2009/10/12,6.8233
2009/10/13,6.8266
2009/10/14,6.8263
2009/10/15,6.8275
2009/10/16,6.8268
2009/10/19,6.8268
2009/10/20,6.8266
2009/10/21,6.8274
2009/10/22,6.829
2009/10/23,6.8285
2009/10/26,6.8277
2009/10/27,6.8294
2009/10/28,6.8282
2009/10/29,6.828
2009/10/30,6.8275
2009/11/2,6.8279
2009/11/3,6.8279
2009/11/4,6.827
2009/11/5,6.8276
2009/11/6,6.8274
2009/11/9,6.827
2009/11/10,6.8266
2009/11/11,6.8259
2009/11/12,6.8268
2009/11/13,6.8263
2009/11/16,6.827
2009/11/17,6.8265
2009/11/18,6.827
2009/11/19,6.8285
2009/11/20,6.8278
2009/11/23,6.828
2009/11/24,6.8295
2009/11/25,6.8273
2009/11/26,6.829
2009/11/27,6.8284
2009/11/30,6.8275
2009/12/1,6.828
2009/12/2,6.827
2009/12/3,6.827
2009/12/4,6.8266
2009/12/7,6.8294
2009/12/8,6.8276
2009/12/9,6.8276
2009/12/10,6.8276
2009/12/11,6.8276
2009/12/14,6.8281
2009/12/15,6.8275
2009/12/16,6.8279
2009/12/17,6.8296
2009/12/18,6.8281
2009/12/21,6.8285
2009/12/22,6.8285
2009/12/23,6.8285
2009/12/24,6.828
2009/12/25,6.8274
2009/12/28,6.8302
2009/12/29,6.8292
2009/12/30,6.8255
2009/12/31,6.827
2010/1/1,6.827
2010/1/4,6.8285
2010/1/5,6.8268
2010/1/6,6.8278
2010/1/7,6.8281
2010/1/8,6.8276
2010/1/11,6.8263
2010/1/12,6.827
2010/1/13,6.8298
2010/1/14,6.827
2010/1/15,6.827
2010/1/18,6.8268
2010/1/19,6.8278
2010/1/20,6.827
2010/1/21,6.8269
2010/1/22,6.827
2010/1/25,6.8269
2010/1/26,6.8266
2010/1/27,6.8278
2010/1/28,6.8269
2010/1/29,6.8269
2010/2/1,6.827
2010/2/2,6.8271
2010/2/3,6.827
2010/2/4,6.8285
2010/2/5,6.8285
2010/2/8,6.8266
2010/2/9,6.8268
2010/2/10,6.8285
2010/2/11,6.8338
2010/2/12,6.8334
2010/2/15,6.8334
2010/2/16,6.8334
2010/2/17,6.8334
2010/2/18,6.8331
2010/2/19,6.8291
2010/2/22,6.8274
2010/2/23,6.8277
2010/2/24,6.827
2010/2/25,6.8268
2010/2/26,6.8261
2010/3/1,6.8264
2010/3/2,6.8266
2010/3/3,6.8258
2010/3/4,6.8263
2010/3/5,6.8265
2010/3/8,6.8263
2010/3/9,6.8263
2010/3/10,6.8259
2010/3/11,6.8276
2010/3/12,6.8256
2010/3/15,6.8261
2010/3/16,6.826
2010/3/17,6.826
2010/3/18,6.8262
2010/3/19,6.8266
2010/3/22,6.8266
2010/3/23,6.8263
2010/3/24,6.8266
2010/3/25,6.8271
2010/3/26,6.827
2010/3/29,6.8264
2010/3/30,6.8258
2010/3/31,6.8259
2010/4/1,6.8264
2010/4/2,6.8256
2010/4/5,6.8256
2010/4/6,6.8255
2010/4/7,6.8255
2010/4/8,6.8241
2010/4/9,6.8234
2010/4/12,6.8257
2010/4/13,6.8256
2010/4/14,6.8258
2010/4/15,6.8261
2010/4/16,6.8255
2010/4/19,6.8262
2010/4/20,6.8254
2010/4/21,6.8276
2010/4/22,6.8264
2010/4/23,6.8275
2010/4/26,6.8267
2010/4/27,6.8257
2010/4/28,6.825
2010/4/29,6.8259
2010/4/30,6.8252
2010/5/3,6.825
2010/5/4,6.8265
2010/5/5,6.8263
2010/5/6,6.8266
2010/5/7,6.8257
2010/5/10,6.8266
2010/5/11,6.829
2010/5/12,6.8277
2010/5/13,6.8279
2010/5/14,6.8268
2010/5/17,6.8277
2010/5/18,6.8274
2010/5/19,6.8274
2010/5/20,6.8278
2010/5/21,6.8262
2010/5/24,6.8287
2010/5/25,6.8313
2010/5/26,6.8293
2010/5/27,6.8296
2010/5/28,6.8308
2010/5/31,6.8278
2010/6/1,6.8287
2010/6/2,6.8298
2010/6/3,6.8284
2010/6/4,6.8287
2010/6/7,6.8323
2010/6/8,6.8294
2010/6/9,6.8285
2010/6/10,6.8307
2010/6/11,6.8323
2010/6/14,6.8333
2010/6/15,6.8333
2010/6/16,6.8333
2010/6/17,6.8293
2010/6/18,6.8272
2010/6/21,6.7971
2010/6/22,6.8133
2010/6/23,6.8121
2010/6/24,6.7996
2010/6/25,6.7921
2010/6/28,6.7965
2010/6/29,6.7979
2010/6/30,6.7817
2010/7/1,6.781
2010/7/2,6.7716
2010/7/5,6.7758
2010/7/6,6.7805
2010/7/7,6.7774
2010/7/8,6.7763
2010/7/9,6.7729
2010/7/12,6.771
2010/7/13,6.7722
2010/7/14,6.7716
2010/7/15,6.7781
2010/7/16,6.7752
2010/7/19,6.7782
2010/7/20,6.7783
2010/7/21,6.777
2010/7/22,6.7797
2010/7/23,6.7804
2010/7/26,6.7791
2010/7/27,6.7783
2010/7/28,6.7782
2010/7/29,6.7763
2010/7/30,6.774
2010/8/2,6.7743
2010/8/3,6.7733
2010/8/4,6.7725
2010/8/5,6.7715
2010/8/6,6.7683
2010/8/9,6.7674
2010/8/10,6.7722
2010/8/11,6.7749
2010/8/12,6.7848
2010/8/13,6.7961
2010/8/16,6.8041
2010/8/17,6.7923
2010/8/18,6.7919
2010/8/19,6.7899
2010/8/20,6.7908
2010/8/23,6.8
2010/8/24,6.7969
2010/8/25,6.7996
2010/8/26,6.7999
2010/8/27,6.798
2010/8/30,6.803
2010/8/31,6.8075
2010/9/1,6.8109
2010/9/2,6.8077
2010/9/3,6.8014
2010/9/6,6.7873
2010/9/7,6.7914
2010/9/8,6.7942
2010/9/9,6.7828
2010/9/10,6.7697
2010/9/13,6.76
2010/9/14,6.744
2010/9/15,6.739
2010/9/16,6.725
2010/9/17,6.7241
2010/9/20,6.714
2010/9/21,6.7066
2010/9/22,6.704
2010/9/23,6.7066
2010/9/24,6.704
2010/9/27,6.6917
2010/9/28,6.6929
2010/9/29,6.6874
2010/9/30,6.6917
2010/10/1,6.69
2010/10/4,6.6913
2010/10/5,6.6919
2010/10/6,6.6918
2010/10/7,6.6918
2010/10/8,6.672
2010/10/11,6.669
2010/10/12,6.6737
2010/10/13,6.6639
2010/10/14,6.6512
2010/10/15,6.6409
2010/10/18,6.6442
2010/10/19,6.6446
2010/10/20,6.6525
2010/10/21,6.6507
2010/10/22,6.6589
2010/10/25,6.6582
2010/10/26,6.6626
2010/10/27,6.681
2010/10/28,6.6871
2010/10/29,6.6707
2010/11/1,6.6917
2010/11/2,6.6785
2010/11/3,6.6768
2010/11/4,6.6623
2010/11/5,6.6558
2010/11/8,6.6812
2010/11/9,6.644
2010/11/10,6.6341
2010/11/11,6.625
2010/11/12,6.6371
2010/11/15,6.6437
2010/11/16,6.6386
2010/11/17,6.642
2010/11/18,6.6334
2010/11/19,6.6401
2010/11/22,6.6423
2010/11/23,6.6442
2010/11/24,6.6534
2010/11/25,6.6502
2010/11/26,6.6686
2010/11/29,6.6605
2010/11/30,6.667
2010/12/1,6.6631
2010/12/2,6.6614
2010/12/3,6.6633
2010/12/6,6.6488
2010/12/7,6.6457
2010/12/8,6.663
2010/12/9,6.6552
2010/12/10,6.6553
2010/12/13,6.6664
2010/12/14,6.6565
2010/12/15,6.6548
2010/12/16,6.6638
2010/12/17,6.6555
2010/12/20,6.6747
2010/12/21,6.6585
2010/12/22,6.6475
2010/12/23,6.6475
2010/12/24,6.6271
2010/12/27,6.6313
2010/12/28,6.6247
2010/12/29,6.6225
2010/12/30,6.6025
2010/12/31,6.5906
2011/1/3,6.5898
2011/1/4,6.607
2011/1/5,6.6193
2011/1/6,6.6263
2011/1/7,6.6282
2011/1/10,6.6369
2011/1/11,6.6193
2011/1/12,6.6044
2011/1/13,6.6067
2011/1/14,6.5888
2011/1/17,6.5933
2011/1/18,6.5831
2011/1/19,6.5825
2011/1/20,6.5857
2011/1/21,6.5835
2011/1/24,6.5812
2011/1/25,6.5826
2011/1/26,6.5817
2011/1/27,6.5821
2011/1/28,6.5821
2011/1/31,6.605
2011/2/1,6.5959
2011/2/2,6.5585
2011/2/3,6.5585
2011/2/4,6.5585
2011/2/7,6.5625
2011/2/8,6.5545
2011/2/9,6.5926
2011/2/10,6.5869
2011/2/11,6.5918
2011/2/14,6.5968
2011/2/15,6.5892
2011/2/16,6.5894
2011/2/17,6.5863
2011/2/18,6.5735
2011/2/21,6.5672
2011/2/22,6.58
2011/2/23,6.5744
2011/2/24,6.5745
2011/2/25,6.5757
2011/2/28,6.5716
2011/3/1,6.5702
2011/3/2,6.5725
2011/3/3,6.5724
2011/3/4,6.5675
2011/3/7,6.5565
2011/3/8,6.5686
2011/3/9,6.5605
2011/3/10,6.5737
2011/3/11,6.5745
2011/3/14,6.57
2011/3/15,6.5724
2011/3/16,6.5716
2011/3/17,6.5755
2011/3/18,6.5694
2011/3/21,6.565
2011/3/22,6.5525
2011/3/23,6.558
2011/3/24,6.5605
2011/3/25,6.5571
2011/3/28,6.5649
2011/3/29,6.561
2011/3/30,6.556
2011/3/31,6.5486
2011/4/1,6.5478
2011/4/4,6.54
2011/4/5,6.5418
2011/4/6,6.5442
2011/4/7,6.5423
2011/4/8,6.5353
2011/4/11,6.5382
2011/4/12,6.5406
2011/4/13,6.5335
2011/4/14,6.5312
2011/4/15,6.5327
2011/4/18,6.5289
2011/4/19,6.5305
2011/4/20,6.5256
2011/4/21,6.494
2011/4/22,6.5072
2011/4/25,6.5278
2011/4/26,6.5278
2011/4/27,6.5116
2011/4/28,6.5018
2011/4/29,6.491
2011/5/2,6.4925
2011/5/3,6.497
2011/5/4,6.4933
2011/5/5,6.4933
2011/5/6,6.4932
2011/5/9,6.494
2011/5/10,6.4917
2011/5/11,6.492
2011/5/12,6.4987
2011/5/13,6.498
2011/5/16,6.5087
2011/5/17,6.5059
2011/5/18,6.506
2011/5/19,6.505
2011/5/20,6.493
2011/5/23,6.505
2011/5/24,6.4985
2011/5/25,6.494
2011/5/26,6.4905
2011/5/27,6.493
2011/5/30,6.4829
2011/5/31,6.4795
2011/6/1,6.479
2011/6/2,6.4833
2011/6/3,6.4793
2011/6/6,6.4793
2011/6/7,6.482
2011/6/8,6.4756
2011/6/9,6.477
2011/6/10,6.4803
2011/6/13,6.4829
2011/6/14,6.4796
2011/6/15,6.4818
2011/6/16,6.4752
2011/6/17,6.471
2011/6/20,6.473
2011/6/21,6.4652
2011/6/22,6.463
2011/6/23,6.4678
2011/6/24,6.475
2011/6/27,6.4825
2011/6/28,6.4695
2011/6/29,6.4634
2011/6/30,6.4642
2011/7/1,6.465
2011/7/4,6.463
2011/7/5,6.4681
2011/7/6,6.468
2011/7/7,6.4657
2011/7/8,6.4645
2011/7/11,6.4672
2011/7/12,6.4723
2011/7/13,6.4678
2011/7/14,6.46
2011/7/15,6.462
2011/7/18,6.469
2011/7/19,6.4635
2011/7/20,6.4588
2011/7/21,6.4545
2011/7/22,6.4474
2011/7/25,6.4448
2011/7/26,6.4415
2011/7/27,6.4436
2011/7/28,6.4424
2011/7/29,6.437
2011/8/1,6.4339
2011/8/2,6.4381
2011/8/3,6.4343
2011/8/4,6.4383
2011/8/5,6.4406
2011/8/8,6.4352
2011/8/9,6.4308
2011/8/10,6.4177
2011/8/11,6.3945
2011/8/12,6.3897
2011/8/15,6.3908
2011/8/16,6.3828
2011/8/17,6.3872
2011/8/18,6.3883
2011/8/19,6.3915
2011/8/22,6.4005
2011/8/23,6.3984
2011/8/24,6.3885
2011/8/25,6.3904
2011/8/26,6.3872
2011/8/29,6.3812
2011/8/30,6.3808
2011/8/31,6.379
2011/9/1,6.3815
2011/9/2,6.383
2011/9/5,6.3859
2011/9/6,6.3905
2011/9/7,6.393
2011/9/8,6.3838
2011/9/9,6.3882
2011/9/12,6.3884
2011/9/13,6.399
2011/9/14,6.392
2011/9/15,6.389
2011/9/16,6.383
2011/9/19,6.3866
2011/9/20,6.3841
2011/9/21,6.3821
2011/9/22,6.3888
2011/9/23,6.388
2011/9/26,6.398
2011/9/27,6.3984
2011/9/28,6.394
2011/9/29,6.3974
2011/9/30,6.3822
2011/10/3,6.375
2011/10/4,6.375
2011/10/5,6.375
2011/10/6,6.379
2011/10/7,6.375
2011/10/10,6.3483
2011/10/11,6.375
2011/10/12,6.3593
2011/10/13,6.383
2011/10/14,6.379
2011/10/17,6.3701
2011/10/18,6.3809
2011/10/19,6.3777
2011/10/20,6.3843
2011/10/21,6.3838
2011/10/24,6.3752
2011/10/25,6.361
2011/10/26,6.3538
2011/10/27,6.3595
2011/10/28,6.3588
2011/10/31,6.3552
2011/11/1,6.355
2011/11/2,6.3561
2011/11/3,6.3514
2011/11/4,6.341
2011/11/7,6.3498
2011/11/8,6.3468
2011/11/9,6.3404
2011/11/10,6.3467
2011/11/11,6.342
2011/11/14,6.3557
2011/11/15,6.3473
2011/11/16,6.3451
2011/11/17,6.3517
2011/11/18,6.3568
2011/11/21,6.3619
2011/11/22,6.3611
2011/11/23,6.3583
2011/11/24,6.362
2011/11/25,6.3816
2011/11/28,6.385
2011/11/29,6.3773
2011/11/30,6.3788
2011/12/1,6.3685
2011/12/2,6.3603
2011/12/5,6.364
2011/12/6,6.3647
2011/12/7,6.3651
2011/12/8,6.3627
2011/12/9,6.3644
2011/12/12,6.3609
2011/12/13,6.3655
2011/12/14,6.3712
2011/12/15,6.374
2011/12/16,6.3484
2011/12/19,6.3377
2011/12/20,6.347
2011/12/21,6.3388
2011/12/22,6.3395
2011/12/23,6.3373
2011/12/26,6.3194
2011/12/27,6.3218
2011/12/28,6.3212
2011/12/29,6.319
2011/12/30,6.2939
2012/1/2,6.2941
2012/1/3,6.2941
2012/1/4,6.2945
2012/1/5,6.3016
2012/1/6,6.3094
2012/1/9,6.3146
2012/1/10,6.3148
2012/1/11,6.3154
2012/1/12,6.3181
2012/1/13,6.3068
2012/1/16,6.3165
2012/1/17,6.3139
2012/1/18,6.3119
2012/1/19,6.3167
2012/1/20,6.334
2012/1/23,6.334
2012/1/24,6.334
2012/1/25,6.334
2012/1/26,6.334
2012/1/27,6.334
2012/1/30,6.3338
2012/1/31,6.309
2012/2/1,6.3076
2012/2/2,6.302
2012/2/3,6.303
2012/2/6,6.3124
2012/2/7,6.3048
2012/2/8,6.2948
2012/2/9,6.295
2012/2/10,6.2995
2012/2/13,6.2976
2012/2/14,6.2995
2012/2/15,6.3002
2012/2/16,6.3017
2012/2/17,6.2988
2012/2/20,6.3017
2012/2/21,6.2965
2012/2/22,6.297
2012/2/23,6.299
2012/2/24,6.2978
2012/2/27,6.3016
2012/2/28,6.2991
2012/2/29,6.2938
2012/3/1,6.3004
2012/3/2,6.299
2012/3/5,6.3069
2012/3/6,6.3079
2012/3/7,6.3099
2012/3/8,6.3164
2012/3/9,6.3107
2012/3/12,6.3263
2012/3/13,6.327
2012/3/14,6.3321
2012/3/15,6.3289
2012/3/16,6.323
2012/3/19,6.3226
2012/3/20,6.3243
2012/3/21,6.3228
2012/3/22,6.2997
2012/3/23,6.3061
2012/3/26,6.3151
2012/3/27,6.3065
2012/3/28,6.3053
2012/3/29,6.3058
2012/3/30,6.298
2012/4/2,6.2985
2012/4/3,6.298
2012/4/4,6.298
2012/4/5,6.3135
2012/4/6,6.3072
2012/4/9,6.3089
2012/4/10,6.311
2012/4/11,6.309
2012/4/12,6.3073
2012/4/13,6.3035
2012/4/16,6.3157
2012/4/17,6.3022
2012/4/18,6.304
2012/4/19,6.3039
2012/4/20,6.3086
2012/4/23,6.3088
2012/4/24,6.3074
2012/4/25,6.305
2012/4/26,6.3057
2012/4/27,6.3099
2012/4/30,6.3099
2012/5/1,6.3099
2012/5/2,6.308
2012/5/3,6.3053
2012/5/4,6.306
2012/5/7,6.3078
2012/5/8,6.3079
2012/5/9,6.3101
2012/5/10,6.3143
2012/5/11,6.3102
2012/5/14,6.3213
2012/5/15,6.3179
2012/5/16,6.3224
2012/5/17,6.326
2012/5/18,6.3283
2012/5/21,6.328
2012/5/22,6.323
2012/5/23,6.3348
2012/5/24,6.3448
2012/5/25,6.3441
2012/5/28,6.3452
2012/5/29,6.3483
2012/5/30,6.3579
2012/5/31,6.3688
2012/6/1,6.3695
2012/6/4,6.3643
2012/6/5,6.3675
2012/6/6,6.3642
2012/6/7,6.3637
2012/6/8,6.3702
2012/6/11,6.3692
2012/6/12,6.3705
2012/6/13,6.369
2012/6/14,6.3705
2012/6/15,6.3656
2012/6/18,6.3573
2012/6/19,6.3546
2012/6/20,6.3598
2012/6/21,6.3649
2012/6/22,6.3649
2012/6/25,6.3634
2012/6/26,6.3629
2012/6/27,6.3569
2012/6/28,6.3575
2012/6/29,6.3537
2012/7/2,6.3487
2012/7/3,6.3524
2012/7/4,6.3477
2012/7/5,6.356
2012/7/6,6.3644
2012/7/9,6.3714
2012/7/10,6.3659
2012/7/11,6.3684
2012/7/12,6.3735
2012/7/13,6.3792
2012/7/16,6.3786
2012/7/17,6.3728
2012/7/18,6.3694
2012/7/19,6.3729
2012/7/20,6.3737
2012/7/23,6.3861
2012/7/24,6.386
2012/7/25,6.3885
2012/7/26,6.3842
2012/7/27,6.3809
2012/7/30,6.3795
2012/7/31,6.362
2012/8/1,6.3685
2012/8/2,6.3674
2012/8/3,6.3724
2012/8/6,6.374
2012/8/7,6.3666
2012/8/8,6.362
2012/8/9,6.3593
2012/8/10,6.3604
2012/8/13,6.3617
2012/8/14,6.3588
2012/8/15,6.3622
2012/8/16,6.3659
2012/8/17,6.3583
2012/8/20,6.3593
2012/8/21,6.356
2012/8/22,6.3516
2012/8/23,6.3538
2012/8/24,6.3547
2012/8/27,6.3568
2012/8/28,6.353
2012/8/29,6.3514
2012/8/30,6.3498
2012/8/31,6.3485
2012/9/3,6.3405
2012/9/4,6.347
2012/9/5,6.3494
2012/9/6,6.343
2012/9/7,6.3429
2012/9/10,6.3379
2012/9/11,6.3351
2012/9/12,6.3266
2012/9/13,6.3297
2012/9/14,6.3149
2012/9/17,6.3175
2012/9/18,6.3189
2012/9/19,6.3093
2012/9/20,6.3038
2012/9/21,6.3053
2012/9/24,6.3093
2012/9/25,6.3062
2012/9/26,6.302
2012/9/27,6.3023
2012/9/28,6.2845
2012/10/1,6.2845
2012/10/2,6.2845
2012/10/3,6.2845
2012/10/4,6.2845
2012/10/5,6.2845
2012/10/8,6.2878
2012/10/9,6.2878
2012/10/10,6.2833
2012/10/11,6.277
2012/10/12,6.2672
2012/10/15,6.2704
2012/10/16,6.2638
2012/10/17,6.2545
2012/10/18,6.2503
2012/10/19,6.2538
2012/10/22,6.2546
2012/10/23,6.2479
2012/10/24,6.248
2012/10/25,6.2417
2012/10/26,6.2485
2012/10/29,6.2438
2012/10/30,6.2405
2012/10/31,6.2372
2012/11/1,6.2411
2012/11/2,6.2415
2012/11/5,6.2454
2012/11/6,6.2456
2012/11/7,6.2437
2012/11/8,6.2429
2012/11/9,6.2452
2012/11/12,6.2291
2012/11/13,6.226
2012/11/14,6.2252
2012/11/15,6.2332
2012/11/16,6.2356
2012/11/19,6.2345
2012/11/20,6.2326
2012/11/21,6.2304
2012/11/22,6.2289
2012/11/23,6.2287
2012/11/26,6.2255
2012/11/27,6.2223
2012/11/28,6.2274
2012/11/29,6.2282
2012/11/30,6.2267
2012/12/3,6.2279
2012/12/4,6.2256
2012/12/5,6.2253
2012/12/6,6.2283
2012/12/7,6.2301
2012/12/10,6.2464
2012/12/11,6.2465
2012/12/12,6.2513
2012/12/13,6.2322
2012/12/14,6.2415
2012/12/17,6.2368
2012/12/18,6.2324
2012/12/19,6.2303
2012/12/20,6.2302
2012/12/21,6.2286
2012/12/24,6.2336
2012/12/25,6.2339
2012/12/26,6.2353
2012/12/27,6.236
2012/12/28,6.2317
2012/12/31,6.2303
2013/1/1,6.2303
2013/1/2,6.2303
2013/1/3,6.2303
2013/1/4,6.2305
2013/1/7,6.2296
2013/1/8,6.2241
2013/1/9,6.2262
2013/1/10,6.2237
2013/1/11,6.2161
2013/1/14,6.2192
2013/1/15,6.2136
2013/1/16,6.2165
2013/1/17,6.216
2013/1/18,6.2154
2013/1/21,6.2213
2013/1/22,6.2198
2013/1/23,6.218
2013/1/24,6.2181
2013/1/25,6.2205
2013/1/28,6.2226
2013/1/29,6.2243
2013/1/30,6.2205
2013/1/31,6.2188
2013/2/1,6.2274
2013/2/4,6.2328
2013/2/5,6.2294
2013/2/6,6.2317
2013/2/7,6.2325
2013/2/8,6.2325
2013/2/11,6.2325
2013/2/12,6.2325
2013/2/13,6.2325
2013/2/14,6.2325
2013/2/15,6.2325
2013/2/18,6.2427
2013/2/19,6.2443
2013/2/20,6.2376
2013/2/21,6.2405
2013/2/22,6.2351
2013/2/25,6.2339
2013/2/26,6.2295
2013/2/27,6.2273
2013/2/28,6.2214
2013/3/1,6.2226
2013/3/4,6.2251
2013/3/5,6.221
2013/3/6,6.2181
2013/3/7,6.2202
2013/3/8,6.2147
2013/3/11,6.2181
2013/3/12,6.2162
2013/3/13,6.2138
2013/3/14,6.2155
2013/3/15,6.2135
2013/3/18,6.2158
2013/3/19,6.2157
2013/3/20,6.2119
2013/3/21,6.2143
2013/3/22,6.2122
2013/3/25,6.2107
2013/3/26,6.211
2013/3/27,6.214
2013/3/28,6.2145
2013/3/29,6.2108
2013/4/1,6.208
2013/4/2,6.1986
2013/4/3,6.201
2013/4/4,6.2015
2013/4/5,6.2015
2013/4/8,6.2033
2013/4/9,6.2025
2013/4/10,6.1941
2013/4/11,6.1964
2013/4/12,6.1919
2013/4/15,6.1867
2013/4/16,6.1828
2013/4/17,6.1723
2013/4/18,6.1813
2013/4/19,6.1776
2013/4/22,6.1826
2013/4/23,6.1792
2013/4/24,6.1786
2013/4/25,6.1711
2013/4/26,6.165
2013/4/29,6.165
2013/4/30,6.165
2013/5/1,6.165
2013/5/2,6.1558
2013/5/3,6.1557
2013/5/6,6.1667
2013/5/7,6.1541
2013/5/8,6.1411
2013/5/9,6.1309
2013/5/10,6.1417
2013/5/13,6.1465
2013/5/14,6.1428
2013/5/15,6.1459
2013/5/16,6.149
2013/5/17,6.1412
2013/5/20,6.1389
2013/5/21,6.1356
2013/5/22,6.1311
2013/5/23,6.134
2013/5/24,6.1316
2013/5/27,6.1212
2013/5/28,6.1215
2013/5/29,6.1267
2013/5/30,6.1309
2013/5/31,6.1348
2013/6/3,6.1317
2013/6/4,6.1287
2013/6/5,6.1278
2013/6/6,6.1362
2013/6/7,6.1335
2013/6/10,6.1335
2013/6/11,6.1335
2013/6/12,6.1335
2013/6/13,6.1344
2013/6/14,6.1308
2013/6/17,6.125
2013/6/18,6.1285
2013/6/19,6.1269
2013/6/20,6.1282
2013/6/21,6.1334
2013/6/24,6.1451
2013/6/25,6.1453
2013/6/26,6.147
2013/6/27,6.149
2013/6/28,6.1376
2013/7/1,6.1327
2013/7/2,6.133
2013/7/3,6.1308
2013/7/4,6.1258
2013/7/5,6.1326
2013/7/8,6.1338
2013/7/9,6.1295
2013/7/10,6.1341
2013/7/11,6.1352
2013/7/12,6.1375
2013/7/15,6.1376
2013/7/16,6.135
2013/7/17,6.1353
2013/7/18,6.1413
2013/7/19,6.1379
2013/7/22,6.1409
2013/7/23,6.1374
2013/7/24,6.136
2013/7/25,6.1347
2013/7/26,6.1317
2013/7/29,6.1325
2013/7/30,6.1317
2013/7/31,6.1289
2013/8/1,6.1304
2013/8/2,6.1295
2013/8/5,6.1247
2013/8/6,6.1217
2013/8/7,6.1192
2013/8/8,6.1214
2013/8/9,6.1219
2013/8/12,6.1223
2013/8/13,6.1218
2013/8/14,6.1196
2013/8/15,6.1125
2013/8/16,6.115
2013/8/19,6.1229
2013/8/20,6.1246
2013/8/21,6.1234
2013/8/22,6.1211
2013/8/23,6.121
2013/8/26,6.1212
2013/8/27,6.1217
2013/8/28,6.1204
2013/8/29,6.1204
2013/8/30,6.1195
2013/9/2,6.1196
2013/9/3,6.1206
2013/9/4,6.1201
2013/9/5,6.1199
2013/9/6,6.1205
2013/9/9,6.121
2013/9/10,6.12
2013/9/11,6.1185
2013/9/12,6.118
2013/9/13,6.1188
2013/9/16,6.1203
2013/9/17,6.1215
2013/9/18,6.1212
2013/9/19,6.1212
2013/9/20,6.1212
2013/9/23,6.121
2013/9/24,6.1209
2013/9/25,6.12
2013/9/26,6.1214
2013/9/27,6.1199
2013/9/30,6.1215
2013/10/1,6.1215
2013/10/2,6.1215
2013/10/3,6.1215
2013/10/4,6.1215
2013/10/7,6.1215
2013/10/8,6.1211
2013/10/9,6.1211
2013/10/10,6.1158
2013/10/11,6.1206
2013/10/14,6.1079
2013/10/15,6.1026
2013/10/16,6.0998
2013/10/17,6.0982
2013/10/18,6.0968
2013/10/21,6.0926
2013/10/22,6.0927
2013/10/23,6.0835
2013/10/24,6.082
2013/10/25,6.084
2013/10/28,6.0855
2013/10/29,6.0902
2013/10/30,6.0938
2013/10/31,6.0945
2013/11/1,6.0995
2013/11/4,6.099
2013/11/5,6.0968
2013/11/6,6.0927
2013/11/7,6.0908
2013/11/8,6.0906
2013/11/11,6.0914
2013/11/12,6.092
2013/11/13,6.0929
2013/11/14,6.0922
2013/11/15,6.0922
2013/11/18,6.0921
2013/11/19,6.093
2013/11/20,6.0928
2013/11/21,6.0929
2013/11/22,6.0937
2013/11/25,6.0926
2013/11/26,6.0927
2013/11/27,6.0924
2013/11/28,6.0924
2013/11/29,6.0932
2013/12/2,6.093
2013/12/3,6.0924
2013/12/4,6.0916
2013/12/5,6.0913
2013/12/6,6.0817
2013/12/9,6.0723
2013/12/10,6.071
2013/12/11,6.0717
2013/12/12,6.0715
2013/12/13,6.0713
2013/12/16,6.0715
2013/12/17,6.0711
2013/12/18,6.0718
2013/12/19,6.0713
2013/12/20,6.0714
2013/12/23,6.0702
2013/12/24,6.0715
2013/12/25,6.0715
2013/12/26,6.0747
2013/12/27,6.0686
2013/12/30,6.0617
2013/12/31,6.054
2014/1/1,6.054
2014/1/2,6.0507
2014/1/3,6.0515
2014/1/6,6.0526
2014/1/7,6.0512
2014/1/8,6.0512
2014/1/9,6.055
2014/1/10,6.0521
2014/1/13,6.0433
2014/1/14,6.0412
2014/1/15,6.046
2014/1/16,6.0557
2014/1/17,6.0503
2014/1/20,6.0527
2014/1/21,6.0505
2014/1/22,6.0513
2014/1/23,6.0518
2014/1/24,6.0488
2014/1/27,6.048
2014/1/28,6.0509
2014/1/29,6.0556
2014/1/30,6.061
2014/1/31,6.061
2014/2/3,6.061
2014/2/4,6.061
2014/2/5,6.061
2014/2/6,6.061
2014/2/7,6.0634
2014/2/10,6.0594
2014/2/11,6.0606
2014/2/12,6.0624
2014/2/13,6.0636
2014/2/14,6.0669
2014/2/17,6.064
2014/2/18,6.0673
2014/2/19,6.0764
2014/2/20,6.0835
2014/2/21,6.0915
2014/2/24,6.0984
2014/2/25,6.1245
2014/2/26,6.1248
2014/2/27,6.1284
2014/2/28,6.145
2014/3/3,6.1463
2014/3/4,6.1435
2014/3/5,6.1282
2014/3/6,6.1185
2014/3/7,6.126
2014/3/10,6.1386
2014/3/11,6.1402
2014/3/12,6.145
2014/3/13,6.1362
2014/3/14,6.1502
2014/3/17,6.1782
2014/3/18,6.1921
2014/3/19,6.1954
2014/3/20,6.2275
2014/3/21,6.225
2014/3/24,6.1959
2014/3/25,6.2017
2014/3/26,6.2094
2014/3/27,6.2128
2014/3/28,6.2122
2014/3/31,6.2172
2014/4/1,6.2069
2014/4/2,6.2057
2014/4/3,6.2107
2014/4/4,6.2123
2014/4/7,6.2123
2014/4/8,6.1968
2014/4/9,6.2005
2014/4/10,6.2126
2014/4/11,6.2113
2014/4/14,6.2191
2014/4/15,6.222
2014/4/16,6.2214
2014/4/17,6.219
2014/4/18,6.2242
2014/4/21,6.2274
2014/4/22,6.2376
2014/4/23,6.2377
2014/4/24,6.2489
2014/4/25,6.2537
2014/4/28,6.253
2014/4/29,6.258
2014/4/30,6.2593
2014/5/1,6.2593
2014/5/2,6.2593
2014/5/5,6.2455
2014/5/6,6.2257
2014/5/7,6.2344
2014/5/8,6.228
2014/5/9,6.2276
2014/5/12,6.2376
2014/5/13,6.2291
2014/5/14,6.2289
2014/5/15,6.2307
2014/5/16,6.2334
2014/5/19,6.2374
2014/5/20,6.2381
2014/5/21,6.2338
2014/5/22,6.235
2014/5/23,6.2365
2014/5/26,6.2394
2014/5/27,6.2491
2014/5/28,6.254
2014/5/29,6.238
2014/5/30,6.2479
2014/6/2,6.2479
2014/6/3,6.2546
2014/6/4,6.2504
2014/6/5,6.2568
2014/6/6,6.2505
2014/6/9,6.2403
2014/6/10,6.2245
2014/6/11,6.2281
2014/6/12,6.2185
2014/6/13,6.2095
2014/6/16,6.227
2014/6/17,6.2268
2014/6/18,6.2314
2014/6/19,6.2291
2014/6/20,6.2245
2014/6/23,6.2255
2014/6/24,6.2311
2014/6/25,6.2344
2014/6/26,6.224
2014/6/27,6.2185
2014/6/30,6.2038
2014/7/1,6.2
2014/7/2,6.2106
2014/7/3,6.212
2014/7/4,6.2041
2014/7/7,6.2038
2014/7/8,6.2015
2014/7/9,6.1999
2014/7/10,6.2028
2014/7/11,6.2035
2014/7/14,6.206
2014/7/15,6.208
2014/7/16,6.204
2014/7/17,6.2038
2014/7/18,6.208
2014/7/21,6.2093
2014/7/22,6.203
2014/7/23,6.1988
2014/7/24,6.1947
2014/7/25,6.1917
2014/7/28,6.1875
2014/7/29,6.1805
2014/7/30,6.1715
2014/7/31,6.174
2014/8/1,6.1798
2014/8/4,6.1785
2014/8/5,6.1707
2014/8/6,6.163
2014/8/7,6.1621
2014/8/8,6.1562
2014/8/11,6.1534
2014/8/12,6.158
2014/8/13,6.1536
2014/8/14,6.1525
2014/8/15,6.1472
2014/8/18,6.143
2014/8/19,6.1413
2014/8/20,6.14
2014/8/21,6.1515
2014/8/22,6.1515
2014/8/25,6.1544
2014/8/26,6.1525
2014/8/27,6.1433
2014/8/28,6.1428
2014/8/29,6.1433
2014/9/1,6.142
2014/9/2,6.1482
2014/9/3,6.141
2014/9/4,6.1386
2014/9/5,6.1405
2014/9/8,6.1405
2014/9/9,6.1364
2014/9/10,6.1294
2014/9/11,6.13
2014/9/12,6.1347
2014/9/15,6.142
2014/9/16,6.1461
2014/9/17,6.139
2014/9/18,6.1405
2014/9/19,6.141
2014/9/22,6.1405
2014/9/23,6.1378
2014/9/24,6.1366
2014/9/25,6.136
2014/9/26,6.1271
2014/9/29,6.15
2014/9/30,6.1385
2014/10/1,6.1385
2014/10/2,6.1385
2014/10/3,6.139
2014/10/6,6.139
2014/10/7,6.139
2014/10/8,6.139
2014/10/9,6.1302
2014/10/10,6.1311
2014/10/13,6.1255
2014/10/14,6.1255
2014/10/15,6.1259
2014/10/16,6.1233
2014/10/17,6.124
2014/10/20,6.1235
2014/10/21,6.121
2014/10/22,6.1182
2014/10/23,6.1195
2014/10/24,6.117
2014/10/27,6.1165
2014/10/28,6.1133
2014/10/29,6.1112
2014/10/30,6.1145
2014/10/31,6.1127
2014/11/3,6.1183
2014/11/4,6.1152
2014/11/5,6.114
2014/11/6,6.112
2014/11/7,6.1227
2014/11/10,6.1195
2014/11/11,6.1245
2014/11/12,6.1262
2014/11/13,6.1248
2014/11/14,6.1295
2014/11/17,6.1243
2014/11/18,6.1213
2014/11/19,6.1195
2014/11/20,6.1235
2014/11/21,6.1249
2014/11/24,6.1417
2014/11/25,6.1365
2014/11/26,6.1391
2014/11/27,6.1391
2014/11/28,6.1432
2014/12/1,6.152
2014/12/2,6.1495
2014/12/3,6.1502
2014/12/4,6.1546
2014/12/5,6.1502
2014/12/8,6.173
2014/12/9,6.1878
2014/12/10,6.1766
2014/12/11,6.1886
2014/12/12,6.1869
2014/12/15,6.1905
2014/12/16,6.1895
2014/12/17,6.197
2014/12/18,6.2145
2014/12/19,6.2199
2014/12/22,6.2216
2014/12/23,6.2258
2014/12/24,6.2153
2014/12/25,6.197
2014/12/26,6.2129
2014/12/29,6.2225
2014/12/30,6.202
2014/12/31,6.2061
2015/1/1,6.2061
2015/1/2,6.2061
2015/1/5,6.2206
2015/1/6,6.213
2015/1/7,6.2129
2015/1/8,6.2146
2015/1/9,6.2088
2015/1/12,6.2032
2015/1/13,6.1975
2015/1/14,6.1959
2015/1/15,6.1875
2015/1/16,6.207
2015/1/19,6.2195
2015/1/20,6.214
2015/1/21,6.2115
2015/1/22,6.2088
2015/1/23,6.2285
2015/1/26,6.254
2015/1/27,6.2435
2015/1/28,6.248
2015/1/29,6.2466
2015/1/30,6.25
2015/2/2,6.2597
2015/2/3,6.2578
2015/2/4,6.2477
2015/2/5,6.2521
2015/2/6,6.244
2015/2/9,6.247
2015/2/10,6.241
2015/2/11,6.2427
2015/2/12,6.2445
2015/2/13,6.2403
2015/2/16,6.2485
2015/2/17,6.2551
2015/2/18,6.2551
2015/2/19,6.2551
2015/2/20,6.2551
2015/2/23,6.2551
2015/2/24,6.2551
2015/2/25,6.2593
2015/2/26,6.2589
2015/2/27,6.2696
2015/3/2,6.2725
2015/3/3,6.2744
2015/3/4,6.2706
2015/3/5,6.266
2015/3/6,6.2625
2015/3/9,6.264
2015/3/10,6.262
2015/3/11,6.2623
2015/3/12,6.2624
2015/3/13,6.2595
2015/3/16,6.2625
2015/3/17,6.2495
2015/3/18,6.2294
2015/3/19,6.196
2015/3/20,6.2052
2015/3/23,6.214
2015/3/24,6.2051
2015/3/25,6.2121
2015/3/26,6.2108
2015/3/27,6.215
2015/3/30,6.207
2015/3/31,6.1995
2015/4/1,6.1985
2015/4/2,6.197
2015/4/3,6.1935
2015/4/6,6.1935
2015/4/7,6.196
2015/4/8,6.2025
2015/4/9,6.2055
2015/4/10,6.2085
2015/4/13,6.2167
2015/4/14,6.2115
2015/4/15,6.2052
2015/4/16,6.1962
2015/4/17,6.1978
2015/4/20,6.201
2015/4/21,6.201
2015/4/22,6.194
2015/4/23,6.197
2015/4/24,6.1935
2015/4/27,6.219
2015/4/28,6.204
2015/4/29,6.1993
2015/4/30,6.2028
2015/5/1,6.2028
2015/5/4,6.209
2015/5/5,6.206
2015/5/6,6.2004
2015/5/7,6.2066
2015/5/8,6.2094
2015/5/11,6.2096
2015/5/12,6.2089
2015/5/13,6.2046
2015/5/14,6.2016
2015/5/15,6.2061
2015/5/18,6.2043
2015/5/19,6.2066
2015/5/20,6.2037
2015/5/21,6.1968
2015/5/22,6.1974
2015/5/25,6.202
2015/5/26,6.2039
2015/5/27,6.2013
2015/5/28,6.2012
2015/5/29,6.1983
2015/6/1,6.1995
2015/6/2,6.1982
2015/6/3,6.1978
2015/6/4,6.2011
2015/6/5,6.2034
2015/6/8,6.2056
2015/6/9,6.2057
2015/6/10,6.2058
2015/6/11,6.2066
2015/6/12,6.2083
2015/6/15,6.209
2015/6/16,6.2085
2015/6/17,6.2096
2015/6/18,6.2078
2015/6/19,6.2095
2015/6/22,6.2095
2015/6/23,6.2068
2015/6/24,6.2071
2015/6/25,6.2094
2015/6/26,6.209
2015/6/29,6.2088
2015/6/30,6.201
2015/7/1,6.2014
2015/7/2,6.2047
2015/7/3,6.2057
2015/7/6,6.2091
2015/7/7,6.21
2015/7/8,6.2089
2015/7/9,6.2088
2015/7/10,6.2092
2015/7/13,6.2084
2015/7/14,6.2089
2015/7/15,6.2092
2015/7/16,6.2095
2015/7/17,6.2095
2015/7/20,6.2097
2015/7/21,6.2096
2015/7/22,6.2094
2015/7/23,6.2095
2015/7/24,6.2096
2015/7/27,6.2095
2015/7/28,6.2094
2015/7/29,6.209
2015/7/30,6.2096
2015/7/31,6.2097
2015/8/3,6.2097
2015/8/4,6.2096
2015/8/5,6.2096
2015/8/6,6.2097
2015/8/7,6.2097
2015/8/10,6.2096
2015/8/11,6.3248
2015/8/12,6.387
2015/8/13,6.3988
2015/8/14,6.3918
2015/8/17,6.3947
2015/8/18,6.3938
2015/8/19,6.3958
2015/8/20,6.389
2015/8/21,6.3888
2015/8/24,6.4044
2015/8/25,6.4129
2015/8/26,6.411
2015/8/27,6.4053
2015/8/28,6.3885
2015/8/31,6.3764
2015/9/1,6.3645
2015/9/2,6.3559
2015/9/3,6.3559
2015/9/4,6.3559
2015/9/7,6.3659
2015/9/8,6.3672
2015/9/9,6.3778
2015/9/10,6.3772
2015/9/11,6.375
2015/9/14,6.3679
2015/9/15,6.37
2015/9/16,6.3709
2015/9/17,6.366
2015/9/18,6.3643
2015/9/21,6.3691
2015/9/22,6.376
2015/9/23,6.3837
2015/9/24,6.3833
2015/9/25,6.3741
2015/9/28,6.3688
2015/9/29,6.3636
2015/9/30,6.3571
2015/10/1,6.356
2015/10/2,6.356
2015/10/5,6.356
2015/10/6,6.356
2015/10/7,6.356
2015/10/8,6.3535
2015/10/9,6.3453
2015/10/12,6.323
2015/10/13,6.3423
2015/10/14,6.3477
2015/10/15,6.3462
2015/10/16,6.3525
2015/10/19,6.3601
2015/10/20,6.3484
2015/10/21,6.3493
2015/10/22,6.358
2015/10/23,6.3491
2015/10/26,6.3532
2015/10/27,6.3532
2015/10/28,6.3592
2015/10/29,6.3567
2015/10/30,6.3181
2015/11/2,6.3374
2015/11/3,6.3361
2015/11/4,6.3359
2015/11/5,6.3461
2015/11/6,6.353
2015/11/9,6.3621
2015/11/10,6.3618
2015/11/11,6.3674
2015/11/12,6.3693
2015/11/13,6.3737
2015/11/16,6.3712
2015/11/17,6.3786
2015/11/18,6.3849
2015/11/19,6.383
2015/11/20,6.385
2015/11/23,6.3893
2015/11/24,6.3898
2015/11/25,6.3892
2015/11/26,6.3895
2015/11/27,6.3949
2015/11/30,6.3982
2015/12/1,6.3987
2015/12/2,6.3987
2015/12/3,6.3975
2015/12/4,6.401
2015/12/7,6.4082
2015/12/8,6.4172
2015/12/9,6.428
2015/12/10,6.4378
2015/12/11,6.4553
2015/12/14,6.4589
2015/12/15,6.461
2015/12/16,6.4733
2015/12/17,6.4837
2015/12/18,6.4815
2015/12/21,6.4808
2015/12/22,6.4788
2015/12/23,6.4778
2015/12/24,6.4773
2015/12/25,6.4764
2015/12/28,6.4886
2015/12/29,6.4848
2015/12/30,6.4912
2015/12/31,6.4936
2016/1/1,6.4936
2016/1/4,6.5354
2016/1/5,6.5148
2016/1/6,6.5566
2016/1/7,6.5929
2016/1/8,6.5965
2016/1/11,6.5695
2016/1/12,6.5725
2016/1/13,6.5754
2016/1/14,6.5901
2016/1/15,6.5849
2016/1/18,6.5789
2016/1/19,6.5785
2016/1/20,6.5784
2016/1/21,6.58
2016/1/22,6.5791
2016/1/25,6.5793
2016/1/26,6.5825
2016/1/27,6.5778
2016/1/28,6.5751
2016/1/29,6.5761
2016/2/1,6.5784
2016/2/2,6.5798
2016/2/3,6.577
2016/2/4,6.5648
2016/2/5,6.5739
2016/2/8,6.5739
2016/2/9,6.5739
2016/2/10,6.5739
2016/2/11,6.5739
2016/2/12,6.5739
2016/2/15,6.4962
2016/2/16,6.5169
2016/2/17,6.5282
2016/2/18,6.5188
2016/2/19,6.5224
2016/2/22,6.5218
2016/2/23,6.5271
2016/2/24,6.5317
2016/2/25,6.5335
2016/2/26,6.5404
2016/2/29,6.554
2016/3/1,6.5521
2016/3/2,6.551
2016/3/3,6.5314
2016/3/4,6.508
2016/3/7,6.5168
2016/3/8,6.5047
2016/3/9,6.513
2016/3/10,6.5085
2016/3/11,6.4953
2016/3/14,6.5
2016/3/15,6.5145
2016/3/16,6.522
2016/3/17,6.475
2016/3/18,6.4716
2016/3/21,6.4846
2016/3/22,6.4901
2016/3/23,6.5062
2016/3/24,6.5146
2016/3/25,6.516
2016/3/28,6.5075
2016/3/29,6.5066
2016/3/30,6.465
2016/3/31,6.449
2016/4/1,6.4786
2016/4/4,6.4786
2016/4/5,6.4772
2016/4/6,6.4809
2016/4/7,6.463
2016/4/8,6.4658
2016/4/11,6.4595
2016/4/12,6.4656
2016/4/13,6.4784
2016/4/14,6.4826
2016/4/15,6.4756
2016/4/18,6.4752
2016/4/19,6.4581
2016/4/20,6.4708
2016/4/21,6.4819
2016/4/22,6.5009
2016/4/25,6.493
2016/4/26,6.4935
2016/4/27,6.495
2016/4/28,6.4759
2016/4/29,6.4741
2016/5/2,6.4741
2016/5/3,6.4917
2016/5/4,6.4947
2016/5/5,6.5034
2016/5/6,6.5001
2016/5/9,6.5169
2016/5/10,6.5183
2016/5/11,6.492
2016/5/12,6.5168
2016/5/13,6.532
2016/5/16,6.5212
2016/5/17,6.5204
2016/5/18,6.5388
2016/5/19,6.547
2016/5/20,6.549
2016/5/23,6.5557
2016/5/24,6.5572
2016/5/25,6.5541
2016/5/26,6.557
2016/5/27,6.5633
2016/5/30,6.5832
2016/5/31,6.5829
2016/6/1,6.5751
2016/6/2,6.5845
2016/6/3,6.5648
2016/6/6,6.5637
2016/6/7,6.5715
2016/6/8,6.5625
2016/6/9,6.5619
2016/6/10,6.5619
2016/6/13,6.5857
2016/6/14,6.5965
2016/6/15,6.5818
2016/6/16,6.592
2016/6/17,6.5884
2016/6/20,6.577
2016/6/21,6.5903
2016/6/22,6.5775
2016/6/23,6.5772
2016/6/24,6.6218
2016/6/27,6.6516
2016/6/28,6.6481
2016/6/29,6.6367
2016/6/30,6.648
2016/7/1,6.6557
2016/7/4,6.6653
2016/7/5,6.6796
2016/7/6,6.693
2016/7/7,6.681
2016/7/8,6.6881
2016/7/11,6.6939
2016/7/12,6.6885
2016/7/13,6.6863
2016/7/14,6.6836
2016/7/15,6.6887
2016/7/18,6.7045
2016/7/19,6.6963
2016/7/20,6.6777
2016/7/21,6.6755
2016/7/22,6.6795
2016/7/25,6.6785
2016/7/26,6.672
2016/7/27,6.67
2016/7/28,6.6554
2016/7/29,6.6373
2016/8/1,6.6439
2016/8/2,6.6272
2016/8/3,6.6342
2016/8/4,6.6418
2016/8/5,6.6564
2016/8/8,6.6614
2016/8/9,6.6557
2016/8/10,6.638
2016/8/11,6.6277
2016/8/12,6.6353
2016/8/15,6.638
2016/8/16,6.6253
2016/8/17,6.6343
2016/8/18,6.6312
2016/8/19,6.6532
2016/8/22,6.6507
2016/8/23,6.6409
2016/8/24,6.6591
2016/8/25,6.6593
2016/8/26,6.6719
2016/8/29,6.6777
2016/8/30,6.6812
2016/8/31,6.6793
2016/9/1,6.6715
2016/9/2,6.6805
2016/9/5,6.6766
2016/9/6,6.6755
2016/9/7,6.6625
2016/9/8,6.6643
2016/9/9,6.6781
2016/9/12,6.6801
2016/9/13,6.6794
2016/9/14,6.6734
2016/9/15,6.6734
2016/9/16,6.6734
2016/9/19,6.6685
2016/9/20,6.672
2016/9/21,6.6721
2016/9/22,6.6648
2016/9/23,6.6694
2016/9/26,6.6689
2016/9/27,6.6701
2016/9/28,6.6752
2016/9/29,6.6673
2016/9/30,6.6716
2016/10/3,6.6716
2016/10/4,6.6716
2016/10/5,6.6716
2016/10/6,6.6716
2016/10/7,6.6716
2016/10/10,6.7074
2016/10/11,6.722
2016/10/12,6.719
2016/10/13,6.7274
2016/10/14,6.7288
2016/10/17,6.7375
2016/10/18,6.7409
2016/10/19,6.7379
2016/10/20,6.7454
2016/10/21,6.7667
2016/10/24,6.7752
2016/10/25,6.7812
2016/10/26,6.7712
2016/10/27,6.7851
2016/10/28,6.779
2016/10/31,6.7758
2016/11/1,6.7665
2016/11/2,6.757
2016/11/3,6.7646
2016/11/4,6.7565
2016/11/7,6.7766
2016/11/8,6.7874
2016/11/9,6.78
2016/11/10,6.8019
2016/11/11,6.8125
2016/11/14,6.8468
2016/11/15,6.8591
2016/11/16,6.8804
2016/11/17,6.8782
2016/11/18,6.8887
2016/11/21,6.8928
2016/11/22,6.89
2016/11/23,6.9202
2016/11/24,6.9196
2016/11/25,6.9198
2016/11/28,6.9087
2016/11/29,6.8968
2016/11/30,6.8868
2016/12/1,6.8865
2016/12/2,6.8865
2016/12/5,6.881
2016/12/6,6.882
2016/12/7,6.8805
2016/12/8,6.8799
2016/12/9,6.9077
2016/12/12,6.9069
2016/12/13,6.9017
2016/12/14,6.9051
2016/12/15,6.9443
2016/12/16,6.9603
2016/12/19,6.9539
2016/12/20,6.9505
2016/12/21,6.9421
2016/12/22,6.9504
2016/12/23,6.9464
2016/12/26,6.9489
2016/12/27,6.9525
2016/12/28,6.9593
2016/12/29,6.9552
2016/12/30,6.945
2017/1/2,6.945
2017/1/3,6.961
2017/1/4,6.9351
2017/1/5,6.89
2017/1/6,6.9207
2017/1/9,6.9375
2017/1/10,6.9215
2017/1/11,6.9377
2017/1/12,6.8915
2017/1/13,6.9005
2017/1/16,6.9009
2017/1/17,6.8546
2017/1/18,6.839
2017/1/19,6.8712
2017/1/20,6.8765
2017/1/23,6.8539
2017/1/24,6.859
2017/1/25,6.8836
2017/1/26,6.8817
2017/1/27,6.8817
2017/1/30,6.8817
2017/1/31,6.8817
2017/2/1,6.8817
2017/2/2,6.8817
2017/2/3,6.8697
2017/2/6,6.863
2017/2/7,6.8843
2017/2/8,6.8723
2017/2/9,6.8689
2017/2/10,6.8785
2017/2/13,6.8815
2017/2/14,6.8674
2017/2/15,6.8711
2017/2/16,6.8537
2017/2/17,6.8665
2017/2/20,6.8785
2017/2/21,6.8841
2017/2/22,6.8777
2017/2/23,6.8661
2017/2/24,6.869
2017/2/27,6.8708
2017/2/28,6.8678
2017/3/1,6.8819
2017/3/2,6.8899
2017/3/3,6.8972
2017/3/6,6.8974
2017/3/7,6.9025
2017/3/8,6.9131
2017/3/9,6.9113
2017/3/10,6.9095
2017/3/13,6.9145
2017/3/14,6.915
2017/3/15,6.9147
2017/3/16,6.898
2017/3/17,6.9034
2017/3/20,6.9085
2017/3/21,6.887
2017/3/22,6.8828
2017/3/23,6.8861
2017/3/24,6.8837
2017/3/27,6.8728
2017/3/28,6.8802
2017/3/29,6.89
2017/3/30,6.8894
2017/3/31,6.8871
2017/4/3,6.8871
2017/4/4,6.8871
2017/4/5,6.8948
2017/4/6,6.8978
2017/4/7,6.9004
2017/4/10,6.9031
2017/4/11,6.8923
2017/4/12,6.8915
2017/4/13,6.89
2017/4/14,6.8854
2017/4/17,6.8823
2017/4/18,6.8819
2017/4/19,6.888
2017/4/20,6.8822
2017/4/21,6.8859
2017/4/24,6.8848
2017/4/25,6.8847
2017/4/26,6.8926
2017/4/27,6.8979
2017/4/28,6.8935
2017/5/1,6.8935
2017/5/2,6.896
2017/5/3,6.8989
2017/5/4,6.8962
2017/5/5,6.9031
2017/5/8,6.9045
2017/5/9,6.9074
2017/5/10,6.9032
2017/5/11,6.9037
2017/5/12,6.8994
2017/5/15,6.893
2017/5/16,6.8867
2017/5/17,6.8819
2017/5/18,6.8893
2017/5/19,6.885
2017/5/22,6.8864
2017/5/23,6.89
2017/5/24,6.8899
2017/5/25,6.8689
2017/5/26,6.8556
2017/5/29,6.8556
2017/5/30,6.8556
2017/5/31,6.8101
2017/6/1,6.8078
2017/6/2,6.8117
2017/6/5,6.804
2017/6/6,6.7953
2017/6/7,6.7957
2017/6/8,6.8003
2017/6/9,6.798
2017/6/12,6.7982
2017/6/13,6.799
2017/6/14,6.7917
2017/6/15,6.8079
2017/6/16,6.8104
2017/6/19,6.8195
2017/6/20,6.8292
2017/6/21,6.8295
2017/6/22,6.8348
2017/6/23,6.8367
2017/6/26,6.8411
2017/6/27,6.8126
2017/6/28,6.7998
2017/6/29,6.787
2017/6/30,6.7809
2017/7/3,6.8007
2017/7/4,6.8007
2017/7/5,6.8015
2017/7/6,6.8015
2017/7/7,6.8059
2017/7/10,6.8036
2017/7/11,6.8025
2017/7/12,6.7877
2017/7/13,6.7835
2017/7/14,6.7758
2017/7/17,6.77
2017/7/18,6.7463
2017/7/19,6.7519
2017/7/20,6.7595
2017/7/21,6.7669
2017/7/24,6.7511
2017/7/25,6.7511
2017/7/26,6.7539
2017/7/27,6.743
2017/7/28,6.7374
2017/7/31,6.7265
2017/8/1,6.7181
2017/8/2,6.7219
2017/8/3,6.7169
2017/8/4,6.7289
2017/8/7,6.7214
2017/8/8,6.7065
2017/8/9,6.6739
2017/8/10,6.6475
2017/8/11,6.6647
2017/8/14,6.6711
2017/8/15,6.6855
2017/8/16,6.6916
2017/8/17,6.6755
2017/8/18,6.6713
2017/8/21,6.6656
2017/8/22,6.6624
2017/8/23,6.6589
2017/8/24,6.662
2017/8/25,6.6497
2017/8/28,6.6159
2017/8/29,6.5968
2017/8/30,6.5944
2017/8/31,6.5899
2017/9/1,6.5591
2017/9/4,6.531
2017/9/5,6.5388
2017/9/6,6.524
2017/9/7,6.4865
2017/9/8,6.4817
2017/9/11,6.5297
2017/9/12,6.5354
2017/9/13,6.543
2017/9/14,6.556
2017/9/15,6.5526
2017/9/18,6.5741
2017/9/19,6.5838
2017/9/20,6.5749
2017/9/21,6.5899
2017/9/22,6.5911
2017/9/25,6.6212
2017/9/26,6.6401
2017/9/27,6.6425
2017/9/28,6.664
2017/9/29,6.6534
2017/10/2,6.6534
2017/10/3,6.6534
2017/10/4,6.6534
2017/10/5,6.6534
2017/10/6,6.6534
2017/10/9,6.6255
2017/10/10,6.5715
2017/10/11,6.5902
2017/10/12,6.588
2017/10/13,6.5796
2017/10/16,6.5899
2017/10/17,6.6235
2017/10/18,6.6274
2017/10/19,6.6151
2017/10/20,6.6205
2017/10/23,6.64
2017/10/24,6.6358
2017/10/25,6.639
2017/10/26,6.6426
2017/10/27,6.6514
2017/10/30,6.6465
2017/10/31,6.6349
2017/11/1,6.6029
2017/11/2,6.6089
2017/11/3,6.639
2017/11/6,6.6338
2017/11/7,6.64
2017/11/8,6.628
2017/11/9,6.6403
2017/11/10,6.6414
2017/11/13,6.6405
2017/11/14,6.6363
2017/11/15,6.6235
2017/11/16,6.6307
2017/11/17,6.6267
2017/11/20,6.635
2017/11/21,6.6296
2017/11/22,6.6102
2017/11/23,6.5835
2017/11/24,6.6022
2017/11/27,6.5969
2017/11/28,6.6076
2017/11/29,6.6094
2017/11/30,6.6128
2017/12/1,6.6174
2017/12/4,6.6197
2017/12/5,6.6191
2017/12/6,6.6149
2017/12/7,6.6193
2017/12/8,6.6212
2017/12/11,6.6186
2017/12/12,6.6215
2017/12/13,6.6174
2017/12/14,6.6096
2017/12/15,6.6093
2017/12/18,6.6164
2017/12/19,6.6047
2017/12/20,6.5785
2017/12/21,6.5847
2017/12/22,6.5774
2017/12/25,6.5397
2017/12/26,6.5453
2017/12/27,6.5568
2017/12/28,6.5334
2017/12/29,6.5067
2018/1/1,6.5067
2018/1/2,6.4933
2018/1/3,6.503
2018/1/4,6.4933
2018/1/5,6.4887
2018/1/8,6.4998
2018/1/9,6.5297
2018/1/10,6.5081
2018/1/11,6.4958
2018/1/12,6.461
2018/1/15,6.4371
2018/1/16,6.444
2018/1/17,6.4343
2018/1/18,6.4203
2018/1/19,6.404
2018/1/22,6.4053
2018/1/23,6.4047
2018/1/24,6.37
2018/1/25,6.3238
2018/1/26,6.3201
2018/1/29,6.3375
2018/1/30,6.3239
2018/1/31,6.2888
2018/2/1,6.2995
2018/2/2,6.3014
2018/2/5,6.29
2018/2/6,6.2833
2018/2/7,6.2694
2018/2/8,6.327
2018/2/9,6.2969
2018/2/12,6.3275
2018/2/13,6.341
2018/2/14,6.3482
2018/2/15,6.3482
2018/2/16,6.3482
2018/2/19,6.3482
2018/2/20,6.3482
2018/2/21,6.3482
2018/2/22,6.35
2018/2/23,6.3373
2018/2/26,6.316
2018/2/27,6.317
2018/2/28,6.3311
2018/3/1,6.3582
2018/3/2,6.3454
2018/3/5,6.3495
2018/3/6,6.3098
2018/3/7,6.3255
2018/3/8,6.3422
2018/3/9,6.3325
2018/3/12,6.33
2018/3/13,6.3216
2018/3/14,6.318
2018/3/15,6.3221
2018/3/16,6.335
2018/3/19,6.3322
2018/3/20,6.334
2018/3/21,6.3232
2018/3/22,6.335
2018/3/23,6.316
2018/3/26,6.2734
2018/3/27,6.2831
2018/3/28,6.2979
2018/3/29,6.2898
2018/3/30,6.2753
2018/4/2,6.2805
2018/4/3,6.2899
2018/4/4,6.3052
2018/4/5,6.3052
2018/4/6,6.3052
2018/4/9,6.307
2018/4/10,6.2832
2018/4/11,6.269
2018/4/12,6.2915
2018/4/13,6.275
2018/4/16,6.2765
2018/4/17,6.2826
2018/4/18,6.2744
2018/4/19,6.2791
2018/4/20,6.2965
2018/4/23,6.3171
2018/4/24,6.3065
2018/4/25,6.3266
2018/4/26,6.3365
2018/4/27,6.3332
2018/4/30,6.3332
2018/5/1,6.3332
2018/5/2,6.3624
2018/5/3,6.3537
2018/5/4,6.3627
2018/5/7,6.3667
2018/5/8,6.3706
2018/5/9,6.3624
2018/5/10,6.3492
2018/5/11,6.3341
2018/5/14,6.3392
2018/5/15,6.3778
2018/5/16,6.3715
2018/5/17,6.3671
2018/5/18,6.38
2018/5/21,6.3835
2018/5/22,6.3675
2018/5/23,6.3885
2018/5/24,6.3783
2018/5/25,6.3918
2018/5/28,6.3993
2018/5/29,6.4176
2018/5/30,6.419
2018/5/31,6.4103
2018/6/1,6.4204
2018/6/4,6.41
2018/6/5,6.4061
2018/6/6,6.3884
2018/6/7,6.3921
2018/6/8,6.4066
2018/6/11,6.4017
2018/6/12,6.4028
2018/6/13,6.3984
2018/6/14,6.4017
2018/6/15,6.4394
2018/6/18,6.4394
2018/6/19,6.4852
2018/6/20,6.4738
2018/6/21,6.4932
2018/6/22,6.5059
2018/6/25,6.54
2018/6/26,6.5793
2018/6/27,6.6046
2018/6/28,6.6271
2018/6/29,6.621
2018/7/2,6.668
2018/7/3,6.6425
2018/7/4,6.6325
2018/7/5,6.6371
2018/7/6,6.6435
2018/7/9,6.6161
2018/7/10,6.6298
2018/7/11,6.6812
2018/7/12,6.6677
2018/7/13,6.6917
2018/7/16,6.6911
2018/7/17,6.7065
2018/7/18,6.7196
2018/7/19,6.7751
2018/7/20,6.7709
2018/7/23,6.7929
2018/7/24,6.7914
2018/7/25,6.7697
2018/7/26,6.7927
2018/7/27,6.8137
2018/7/30,6.815
2018/7/31,6.8127
2018/8/1,6.8227
2018/8/2,6.8428
2018/8/3,6.8332
2018/8/6,6.8535
2018/8/7,6.8317
2018/8/8,6.8357
2018/8/9,6.821
2018/8/10,6.8471
2018/8/13,6.8912
2018/8/14,6.8842
2018/8/15,6.9347
2018/8/16,6.8825
2018/8/17,6.8775
2018/8/20,6.8577
2018/8/21,6.8472
2018/8/22,6.8417
2018/8/23,6.8777
2018/8/24,6.807
2018/8/27,6.8156
2018/8/28,6.803
2018/8/29,6.8213
2018/8/30,6.8445
2018/8/31,6.8315
2018/9/3,6.8228
2018/9/4,6.8442
2018/9/5,6.8305
2018/9/6,6.8355
2018/9/7,6.8438
2018/9/10,6.8556
2018/9/11,6.873
2018/9/12,6.8606
2018/9/13,6.8447
2018/9/14,6.869
2018/9/17,6.857
2018/9/18,6.8615
2018/9/19,6.8483
2018/9/20,6.8468
2018/9/21,6.8571
2018/9/24,6.8571
2018/9/25,6.8665
2018/9/26,6.8786
2018/9/27,6.8902
2018/9/28,6.8689
2018/10/1,6.8689
2018/10/2,6.8689
2018/10/3,6.8689
2018/10/4,6.8689
2018/10/5,6.8689
2018/10/8,6.9307
2018/10/9,6.9228
2018/10/10,6.9242
2018/10/11,6.8899
2018/10/12,6.9224
2018/10/15,6.9168
2018/10/16,6.912
2018/10/17,6.9275
2018/10/18,6.9376
2018/10/19,6.9297
2018/10/22,6.9474
2018/10/23,6.9383
2018/10/24,6.944
2018/10/25,6.9489
2018/10/26,6.9435
2018/10/29,6.9619
2018/10/30,6.9672
2018/10/31,6.9756
2018/11/1,6.9233
2018/11/2,6.8907
2018/11/5,6.9257
2018/11/6,6.9195
2018/11/7,6.92
2018/11/8,6.9345
2018/11/9,6.9567
2018/11/12,6.9635
2018/11/13,6.956
2018/11/14,6.9505
2018/11/15,6.9392
2018/11/16,6.938
2018/11/19,6.942
2018/11/20,6.9452
2018/11/21,6.927
2018/11/22,6.932
2018/11/23,6.9485
2018/11/26,6.9407
2018/11/27,6.9515
2018/11/28,6.9539
2018/11/29,6.9425
2018/11/30,6.9605
2018/12/3,6.8831
2018/12/4,6.8373
2018/12/5,6.8567
2018/12/6,6.8827
2018/12/7,6.8757
2018/12/10,6.9117
2018/12/11,6.9
2018/12/12,6.88
2018/12/13,6.8816
2018/12/14,6.9077
2018/12/17,6.8972
2018/12/18,6.8951
2018/12/19,6.8922
2018/12/20,6.8851
2018/12/21,6.9065
2018/12/24,6.8991
2018/12/25,6.8872
2018/12/26,6.8854
2018/12/27,6.8663
2018/12/28,6.8785
2018/12/31,6.8785
2019/1/1,6.8785
2019/1/2,6.862
2019/1/3,6.872
2019/1/4,6.8692
2019/1/7,6.851
2019/1/8,6.8532
2019/1/9,6.8165
2019/1/10,6.7885
2019/1/11,6.763
2019/1/14,6.7681
2019/1/15,6.761
2019/1/16,6.7568
2019/1/17,6.7764
2019/1/18,6.779
2019/1/21,6.798
2019/1/22,6.808
2019/1/23,6.792
2019/1/24,6.7885
2019/1/25,6.7472
2019/1/28,6.7453
2019/1/29,6.7329
2019/1/30,6.7165
2019/1/31,6.7008
2019/2/1,6.7448
2019/2/4,6.7448
2019/2/5,6.7448
2019/2/6,6.7448
2019/2/7,6.7448
2019/2/8,6.7448
2019/2/11,6.7923
2019/2/12,6.774
2019/2/13,6.7604
2019/2/14,6.7721
2019/2/15,6.773
2019/2/18,6.7667
2019/2/19,6.7587
2019/2/20,6.7212
2019/2/21,6.7197
2019/2/22,6.7142
2019/2/25,6.6894
2019/2/26,6.7002
2019/2/27,6.6872
2019/2/28,6.6942
2019/3/1,6.7064
2019/3/4,6.7073
2019/3/5,6.7076
2019/3/6,6.7119
2019/3/7,6.7149
2019/3/8,6.7216
2019/3/11,6.7265
2019/3/12,6.7085
2019/3/13,6.7071
2019/3/14,6.723
2019/3/15,6.7138
2019/3/18,6.7131
2019/3/19,6.7119
2019/3/20,6.6946
2019/3/21,6.6992
2019/3/22,6.7181
2019/3/25,6.7094
2019/3/26,6.7157
2019/3/27,6.7271
2019/3/28,6.7391
2019/3/29,6.712
2019/4/1,6.7115
2019/4/2,6.7233
2019/4/3,6.7114
2019/4/4,6.7174
2019/4/5,6.719
2019/4/8,6.7164
2019/4/9,6.7119
2019/4/10,6.7159
2019/4/11,6.7194
2019/4/12,6.7044
2019/4/15,6.7087
2019/4/16,6.7121
2019/4/17,6.6882
2019/4/18,6.709
2019/4/19,6.7042
2019/4/22,6.712
2019/4/23,6.7259
2019/4/24,6.7219
2019/4/25,6.7431
2019/4/26,6.7298
2019/4/29,6.7336
2019/4/30,6.7349
2019/5/1,6.7349
2019/5/2,6.7346
2019/5/3,6.7346
2019/5/6,6.7645
2019/5/7,6.7769
2019/5/8,6.7828
2019/5/9,6.8274
2019/5/10,6.824
2019/5/13,6.8784
2019/5/14,6.876
2019/5/15,6.8761
2019/5/16,6.8838
2019/5/17,6.9186
2019/5/20,6.9123
2019/5/21,6.9023
2019/5/22,6.9064
2019/5/23,6.9105
2019/5/24,6.9002
2019/5/27,6.8979
2019/5/28,6.9101
2019/5/29,6.9145
2019/5/30,6.9019
2019/5/31,6.905
2019/6/3,6.9038
2019/6/4,6.9083
2019/6/5,6.9091
2019/6/6,6.9097
2019/6/7,6.9097
2019/6/10,6.931
2019/6/11,6.9114
2019/6/12,6.9177
2019/6/13,6.9216
2019/6/14,6.9255
2019/6/17,6.9258
2019/6/18,6.9032
2019/6/19,6.9036
2019/6/20,6.852
2019/6/21,6.87
2019/6/24,6.877
2019/6/25,6.8798
2019/6/26,6.88
2019/6/27,6.8771
2019/6/28,6.8668
2019/7/1,6.8517
2019/7/2,6.8729
2019/7/3,6.8811
2019/7/4,6.8715
2019/7/5,6.8936
2019/7/8,6.8819
2019/7/9,6.888
2019/7/10,6.8729
2019/7/11,6.8702
2019/7/12,6.8808
2019/7/15,6.8777
2019/7/16,6.8763
2019/7/17,6.8736
2019/7/18,6.8801
2019/7/19,6.8821
2019/7/22,6.8811
2019/7/23,6.8792
2019/7/24,6.8725
2019/7/25,6.8726
2019/7/26,6.8792
2019/7/29,6.8934
2019/7/30,6.8845
2019/7/31,6.8841
2019/8/1,6.8986
2019/8/2,6.9405
2019/8/5,7.0508
2019/8/6,7.0265
2019/8/7,7.0602
2019/8/8,7.0451
2019/8/9,7.0624
2019/8/12,7.0582
2019/8/13,7.0435
2019/8/14,7.0244
2019/8/15,7.034
2019/8/16,7.0428
2019/8/19,7.0507
2019/8/20,7.0605
2019/8/21,7.0632
2019/8/22,7.0837
2019/8/23,7.096
2019/8/26,7.1512
2019/8/27,7.1623
2019/8/28,7.1653
2019/8/29,7.1445
2019/8/30,7.1568
2019/9/2,7.1719
2019/9/3,7.1789
2019/9/4,7.146
2019/9/5,7.1485
2019/9/6,7.1157
2019/9/9,7.122
2019/9/10,7.1127
2019/9/11,7.1167
2019/9/12,7.0793
2019/9/13,7.0794
2019/9/16,7.0674
2019/9/17,7.0918
2019/9/18,7.086
2019/9/19,7.0966
2019/9/20,7.0916
2019/9/23,7.1185
2019/9/24,7.1164
2019/9/25,7.1318
2019/9/26,7.1326
2019/9/27,7.1227
2019/9/30,7.1484
2019/10/1,7.1484
2019/10/2,7.1484
2019/10/3,7.1484
2019/10/4,7.1484
2019/10/7,7.1484
2019/10/8,7.1444
2019/10/9,7.1324
2019/10/10,7.1163
2019/10/11,7.088
2019/10/14,7.0675
2019/10/15,7.0817
2019/10/16,7.0936
2019/10/17,7.0774
2019/10/18,7.0817
2019/10/21,7.0762
2019/10/22,7.0769
2019/10/23,7.0656
2019/10/24,7.069
2019/10/25,7.0654
2019/10/28,7.0678
2019/10/29,7.0657
2019/10/30,7.0553
2019/10/31,7.0395
2019/11/1,7.0375
2019/11/4,7.0304
2019/11/5,7.0097
2019/11/6,6.9982
2019/11/7,6.9784
2019/11/8,6.9961
2019/11/11,7.0106
2019/11/12,7.0078
2019/11/13,7.0235
2019/11/14,7.0208
2019/11/15,7.0083
2019/11/18,7.026
2019/11/19,7.0276
2019/11/20,7.0359
2019/11/21,7.0293
2019/11/22,7.04
2019/11/25,7.0364
2019/11/26,7.0335
2019/11/27,7.029
2019/11/28,7.0353
2019/11/29,7.0324
2019/12/2,7.0393
2019/12/3,7.0613
2019/12/4,7.0499
2019/12/5,7.0448
2019/12/6,7.035
2019/12/9,7.0393
2019/12/10,7.0342
2019/12/11,7.0388
2019/12/12,6.9849
2019/12/13,6.9895
2019/12/16,6.9935
2019/12/17,6.9972
2019/12/18,7.005
2019/12/19,7.0104
2019/12/20,7.0068
2019/12/23,7.0128
2019/12/24,7.0075
2019/12/25,6.9894
2019/12/26,6.9965
2019/12/27,6.9958
2019/12/30,6.9867
2019/12/31,6.9632
2020/1/1,6.9632
2020/1/2,6.9643
2020/1/3,6.9655
2020/1/6,6.976
2020/1/7,6.9452
2020/1/8,6.9462
2020/1/9,6.9318
2020/1/10,6.9192
2020/1/13,6.8938
2020/1/14,6.8841
2020/1/15,6.8909
2020/1/16,6.8789
2020/1/17,6.8598
2020/1/20,6.8668
2020/1/21,6.9058
2020/1/22,6.9066
2020/1/23,6.9367
2020/1/24,6.9367
2020/1/27,6.9367
2020/1/28,6.9367
2020/1/29,6.9367
2020/1/30,6.9367
2020/1/31,6.9367
2020/2/3,7.0215
2020/2/4,6.9985
2020/2/5,6.9738
2020/2/6,6.9708
2020/2/7,7.0015
2020/2/10,6.9844
2020/2/11,6.966
2020/2/12,6.9719
2020/2/13,6.977
2020/2/14,6.9869
2020/2/17,6.9813
2020/2/18,6.9971
2020/2/19,6.9982
2020/2/20,7.0229
2020/2/21,7.0271
2020/2/24,7.0294
2020/2/25,7.0135
2020/2/26,7.0225
2020/2/27,7.0045
2020/2/28,6.9919
2020/3/2,6.961
2020/3/3,6.962
2020/3/4,6.9262
2020/3/5,6.9373
2020/3/6,6.9321
2020/3/9,6.9466
2020/3/10,6.9564
2020/3/11,6.9605
2020/3/12,7.0295
2020/3/13,7.0086
2020/3/16,6.9933
2020/3/17,7.0079
2020/3/18,7.0474
2020/3/19,7.1082
2020/3/20,7.096
2020/3/23,7.0926
2020/3/24,7.0631
2020/3/25,7.1148
2020/3/26,7.0735
2020/3/27,7.0962
2020/3/30,7.1003
2020/3/31,7.0825
2020/4/1,7.1001
2020/4/2,7.084
2020/4/3,7.0927
2020/4/6,7.0927
2020/4/7,7.0458
2020/4/8,7.066
2020/4/9,7.0432
2020/4/10,7.036
2020/4/13,7.0526
2020/4/14,7.0486
2020/4/15,7.0677
2020/4/16,7.0798
2020/4/17,7.0731
2020/4/20,7.0736
2020/4/21,7.092
2020/4/22,7.0842
2020/4/23,7.0667
2020/4/24,7.0819
2020/4/27,7.0865
2020/4/28,7.0796
2020/4/29,7.0768
2020/4/30,7.0622
2020/5/1,7.0622
2020/5/4,7.0622
2020/5/5,7.0622
2020/5/6,7.1046
2020/5/7,7.0843
2020/5/8,7.0742
2020/5/11,7.0992
2020/5/12,7.0829
2020/5/13,7.0922
2020/5/14,7.0959
2020/5/15,7.1021
2020/5/18,7.1097
2020/5/19,7.0992
2020/5/20,7.0935
2020/5/21,7.1153
2020/5/22,7.1304
2020/5/25,7.1368
2020/5/26,7.135
2020/5/27,7.1696
2020/5/28,7.1463
2020/5/29,7.1372
2020/6/1,7.1278
2020/6/2,7.1014
2020/6/3,7.1158
2020/6/4,7.1103
2020/6/5,7.082
2020/6/8,7.0716
2020/6/9,7.0773
2020/6/10,7.061
2020/6/11,7.065
2020/6/12,7.0834
2020/6/15,7.0909
2020/6/16,7.0865
2020/6/17,7.0855
2020/6/18,7.0894
2020/6/19,7.0723
2020/6/22,7.0684
2020/6/23,7.059
2020/6/24,7.0782
2020/6/25,7.0782
2020/6/26,7.0782
2020/6/29,7.0811
2020/6/30,7.0655
2020/7/1,7.0712
2020/7/2,7.067
2020/7/3,7.0663
2020/7/6,7.0188
2020/7/7,7.014
2020/7/8,7.0046
2020/7/9,6.9942
2020/7/10,7.0018
2020/7/13,6.9974
2020/7/14,7.0075
2020/7/15,6.9889
2020/7/16,6.9893
2020/7/17,6.9924
2020/7/20,6.9838
2020/7/21,6.9808
2020/7/22,7.0002
2020/7/23,7.004
2020/7/24,7.0169
2020/7/27,6.9964
2020/7/28,7.0008
2020/7/29,7.0018
2020/7/30,7.0088
2020/7/31,6.9752
2020/8/3,6.9809
2020/8/4,6.9734
2020/8/5,6.9367
2020/8/6,6.9535
2020/8/7,6.968
2020/8/10,6.9619
2020/8/11,6.9463
2020/8/12,6.9371
2020/8/13,6.9451
2020/8/14,6.9504
2020/8/17,6.9329
2020/8/18,6.9218
2020/8/19,6.9207
2020/8/20,6.9158
2020/8/21,6.9195
2020/8/24,6.9196
2020/8/25,6.9127
2020/8/26,6.886
2020/8/27,6.8937
2020/8/28,6.8654
2020/8/31,6.8484
2020/9/1,6.8282
2020/9/2,6.8383
2020/9/3,6.8468
2020/9/4,6.8425
2020/9/7,6.8305
2020/9/8,6.8464
2020/9/9,6.8333
2020/9/10,6.8344
2020/9/11,6.833
2020/9/14,6.808
2020/9/15,6.7801
2020/9/16,6.7529
2020/9/17,6.7628
2020/9/18,6.7675
2020/9/21,6.8043
2020/9/22,6.7779
2020/9/23,6.8089
2020/9/24,6.8273
2020/9/25,6.822
2020/9/28,6.8106
2020/9/29,6.815
2020/9/30,6.7896
2020/10/1,6.7898
2020/10/2,6.7898
2020/10/5,6.7908
2020/10/6,6.7908
2020/10/7,6.7908
2020/10/8,6.7908
2020/10/9,6.6933
2020/10/12,6.7451
2020/10/13,6.7452
2020/10/14,6.7136
2020/10/15,6.7233
2020/10/16,6.6962
2020/10/19,6.6803
2020/10/20,6.6754
2020/10/21,6.6503
2020/10/22,6.6821
2020/10/23,6.6843
2020/10/26,6.7119
2020/10/27,6.7044
2020/10/28,6.7279
2020/10/29,6.714
2020/10/30,6.6919
2020/11/2,6.6899
2020/11/3,6.6759
2020/11/4,6.648
2020/11/5,6.6027
2020/11/6,6.608
2020/11/9,6.628
2020/11/10,6.6146
2020/11/11,6.6301
2020/11/12,6.6114
2020/11/13,6.6039
2020/11/16,6.583
2020/11/17,6.5556
2020/11/18,6.5588
2020/11/19,6.5789
2020/11/20,6.5608
2020/11/23,6.585
2020/11/24,6.59
2020/11/25,6.575
2020/11/26,6.5741
2020/11/27,6.5738
2020/11/30,6.576
2020/12/1,6.5705
2020/12/2,6.5622
2020/12/3,6.5418
2020/12/4,6.5301
2020/12/7,6.5295
2020/12/8,6.5307
2020/12/9,6.541
2020/12/10,6.5435
2020/12/11,6.5445
2020/12/14,6.548
2020/12/15,6.5388
2020/12/16,6.5323
2020/12/17,6.5321
2020/12/18,6.5348
2020/12/21,6.5467
2020/12/22,6.5426
2020/12/23,6.54
2020/12/24,6.53
2020/12/25,6.5408
2020/12/28,6.5346
2020/12/29,6.53
2020/12/30,6.5208
2020/12/31,6.525
2021/1/1,6.5267
2021/1/4,6.4601
2021/1/5,6.455
2021/1/6,6.4617
2021/1/7,6.476
2021/1/8,6.475
2021/1/11,6.4795
2021/1/12,6.461
2021/1/13,6.4677
2021/1/14,6.4736
2021/1/15,6.48
2021/1/18,6.4902
2021/1/19,6.4777
2021/1/20,6.465
2021/1/21,6.4595
2021/1/22,6.481
2021/1/25,6.4784
2021/1/26,6.4635
2021/1/27,6.4822
2021/1/28,6.4491
2021/1/29,6.425
2021/2/1,6.4669
2021/2/2,6.4551
2021/2/3,6.4579
2021/2/4,6.4715
2021/2/5,6.4664
2021/2/8,6.4444
2021/2/9,6.4344
2021/2/10,6.4576
2021/2/11,6.4542
2021/2/12,6.4582
2021/2/15,6.4582
2021/2/16,6.4582
2021/2/17,6.4582
2021/2/18,6.4869
2021/2/19,6.4555
2021/2/22,6.4625
2021/2/23,6.464
2021/2/24,6.4556
2021/2/25,6.4541
2021/2/26,6.473
2021/3/1,6.4648
2021/3/2,6.4702
2021/3/3,6.4675
2021/3/4,6.4694
2021/3/5,6.496
2021/3/8,6.525
2021/3/9,6.505
2021/3/10,6.505
2021/3/11,6.4932
2021/3/12,6.5081
2021/3/15,6.4996
2021/3/16,6.5052
2021/3/17,6.503
2021/3/18,6.5054
2021/3/19,6.507
2021/3/22,6.507
2021/3/23,6.516
2021/3/24,6.523
2021/3/25,6.5452
2021/3/26,6.5412
2021/3/29,6.5678
2021/3/30,6.5716
2021/3/31,6.5518
2021/4/1,6.5645
2021/4/2,6.5646
2021/4/5,6.5671
2021/4/6,6.537
2021/4/7,6.5415
2021/4/8,6.5505
2021/4/9,6.5522
2021/4/12,6.5443
2021/4/13,6.5431
2021/4/14,6.5292
2021/4/15,6.522
2021/4/16,6.5203
2021/4/19,6.5085
2021/4/20,6.4981
2021/4/21,6.4903
2021/4/22,6.491
2021/4/23,6.4945
2021/4/25,6.4954
2021/4/26,6.4844
2021/4/27,6.483
2021/4/28,6.4771
2021/4/29,6.471
2021/4/30,6.473
2021/5/3,6.4735
2021/5/4,6.4735
2021/5/5,6.4735
2021/5/6,6.4598
2021/5/7,6.431
2021/5/10,6.4156
2021/5/11,6.4285
2021/5/12,6.4566
2021/5/13,6.4506
2021/5/14,6.4367
2021/5/17,6.4388
2021/5/18,6.425
2021/5/19,6.4342
2021/5/20,6.4339
2021/5/21,6.4339
2021/5/24,6.4177
2021/5/25,6.41
2021/5/26,6.3905
2021/5/27,6.3824
2021/5/28,6.3674
2021/5/31,6.3688
2021/6/1,6.3796
2021/6/2,6.3805
2021/6/3,6.4036
2021/6/4,6.3945
2021/6/7,6.3963
2021/6/8,6.4
2021/6/9,6.3865
2021/6/10,6.3929
2021/6/11,6.3967
2021/6/14,6.3987
2021/6/15,6.4052
2021/6/16,6.3969
2021/6/17,6.4477
2021/6/18,6.4525
2021/6/21,6.4659
2021/6/22,6.4811
2021/6/23,6.4727
2021/6/24,6.4701
2021/6/25,6.4545
2021/6/28,6.4555
2021/6/29,6.4635
2021/6/30,6.4566
2021/7/1,6.4679
2021/7/2,6.4721
2021/7/5,6.463
2021/7/6,6.4752
2021/7/7,6.4718
2021/7/8,6.4898
2021/7/9,6.4788
2021/7/12,6.4751
2021/7/13,6.4685
2021/7/14,6.4688
2021/7/15,6.4569
2021/7/16,6.4785
2021/7/19,6.4893
2021/7/20,6.4845
2021/7/21,6.4664
2021/7/22,6.4699
2021/7/23,6.4808
2021/7/26,6.4825
2021/7/27,6.5104
2021/7/28,6.4905
2021/7/29,6.4562
2021/7/30,6.4609
2021/8/2,6.462
2021/8/3,6.47
2021/8/4,6.4655
2021/8/5,6.4608
2021/8/6,6.4825
2021/8/9,6.4857
2021/8/10,6.4852
2021/8/11,6.4783
2021/8/12,6.4782
2021/8/13,6.4768
2021/8/16,6.4742
2021/8/17,6.4854
2021/8/18,6.4841
2021/8/19,6.4942
2021/8/20,6.5012
2021/8/23,6.4805
2021/8/24,6.471
2021/8/25,6.4756
2021/8/26,6.4809
2021/8/27,6.4711
2021/8/30,6.4658
2021/8/31,6.4604
2021/9/1,6.4586
2021/9/2,6.4558
2021/9/3,6.4528
2021/9/6,6.4542
2021/9/7,6.4662
2021/9/8,6.4612
2021/9/9,6.4514
2021/9/10,6.444
2021/9/13,6.4511
2021/9/14,6.4382
2021/9/15,6.432
2021/9/16,6.4566
2021/9/17,6.4655
2021/9/20,6.4662
2021/9/21,6.4662
2021/9/22,6.4583
2021/9/23,6.459
2021/9/24,6.466
2021/9/27,6.456
2021/9/28,6.4595
2021/9/29,6.4702
2021/9/30,6.4452
2021/10/1,6.4466
2021/10/4,6.4466
2021/10/5,6.4466
2021/10/6,6.4466
2021/10/7,6.4466
2021/10/8,6.4435
2021/10/11,6.4501
2021/10/12,6.4485
2021/10/13,6.4262
2021/10/14,6.438
2021/10/15,6.434
2021/10/18,6.429
2021/10/19,6.3822
2021/10/20,6.3936
2021/10/21,6.3925
2021/10/22,6.3839
2021/10/25,6.3856
2021/10/26,6.382
2021/10/27,6.3915
2021/10/28,6.3917
2021/10/29,6.405
2021/11/1,6.3972
2021/11/2,6.3995
2021/11/3,6.4061
2021/11/4,6.397
2021/11/5,6.398
2021/11/8,6.3902
2021/11/9,6.3916
2021/11/10,6.3882
2021/11/11,6.3898
2021/11/12,6.3787
2021/11/15,6.3824
2021/11/16,6.3919
2021/11/17,6.3775
2021/11/18,6.3851
2021/11/19,6.3863
2021/11/22,6.3842
2021/11/23,6.391
2021/11/24,6.3917
2021/11/25,6.386
2021/11/26,6.3924
2021/11/29,6.3875
2021/11/30,6.364
2021/12/1,6.3673
2021/12/2,6.3763
2021/12/3,6.3758
2021/12/6,6.3756
2021/12/7,6.3657
2021/12/8,6.3435
2021/12/9,6.3772
2021/12/10,6.3685
