TIME,PRICE
2007/7/2,71.19 
2007/7/3,71.22 
2007/7/5,71.78 
2007/7/6,72.77 
2007/7/9,72.05 
2007/7/10,72.69 
2007/7/11,72.50 
2007/7/12,72.63 
2007/7/13,73.84 
2007/7/16,74.20 
2007/7/17,74.28 
2007/7/18,75.17 
2007/7/19,76.00 
2007/7/20,75.53 
2007/7/23,74.97 
2007/7/24,73.33 
2007/7/25,76.30 
2007/7/26,74.76 
2007/7/27,77.00 
2007/7/30,76.72 
2007/7/31,78.05 
2007/8/1,76.68 
2007/8/2,76.92 
2007/8/3,75.39 
2007/8/6,72.10 
2007/8/7,72.37 
2007/8/8,72.32 
2007/8/9,71.57 
2007/8/10,71.56 
2007/8/13,71.58 
2007/8/14,72.69 
2007/8/15,73.01 
2007/8/16,71.68 
2007/8/17,71.72 
2007/8/20,71.24 
2007/8/21,69.45 
2007/8/22,69.40 
2007/8/23,69.90 
2007/8/24,71.10 
2007/8/27,72.09 
2007/8/28,71.68 
2007/8/29,73.52 
2007/8/30,73.55 
2007/8/31,73.98 
2007/9/4,75.16 
2007/9/5,75.87 
2007/9/6,76.46 
2007/9/7,76.69 
2007/9/10,77.88 
2007/9/11,78.16 
2007/9/12,79.62 
2007/9/13,79.97 
2007/9/14,79.06 
2007/9/17,80.89 
2007/9/18,82.22 
2007/9/19,82.29 
2007/9/20,83.78 
2007/9/21,81.38 
2007/9/24,80.67 
2007/9/25,79.44 
2007/9/26,80.60 
2007/9/27,82.92 
2007/9/28,81.64 
2007/10/1,80.19 
2007/10/2,80.31 
2007/10/3,79.67 
2007/10/4,81.46 
2007/10/5,81.19 
2007/10/8,79.20 
2007/10/9,80.18 
2007/10/10,81.28 
2007/10/11,82.92 
2007/10/12,83.71 
2007/10/15,86.48 
2007/10/16,87.47 
2007/10/17,87.06 
2007/10/18,89.75 
2007/10/19,88.55 
2007/10/22,87.11 
2007/10/23,85.08 
2007/10/24,87.68 
2007/10/25,90.35 
2007/10/26,91.72 
2007/10/29,93.64 
2007/10/30,89.62 
2007/10/31,95.14 
2007/11/1,93.62 
2007/11/2,95.72 
2007/11/5,94.62 
2007/11/6,96.89 
2007/11/7,95.84 
2007/11/8,95.86 
2007/11/9,96.38 
2007/11/12,93.64 
2007/11/13,91.34 
2007/11/14,94.03 
2007/11/15,93.72 
2007/11/16,94.66 
2007/11/19,94.89 
2007/11/20,98.15 
2007/11/21,97.34 
2007/11/23,98.25 
2007/11/26,96.89 
2007/11/27,94.62 
2007/11/28,91.41 
2007/11/29,91.04 
2007/11/30,88.50 
2007/12/3,89.70 
2007/12/4,88.10 
2007/12/5,87.31 
2007/12/6,90.59 
2007/12/7,88.16 
2007/12/10,88.33 
2007/12/11,89.32 
2007/12/12,89.28 
2007/12/13,92.40 
2007/12/14,91.23 
2007/12/17,90.83 
2007/12/18,89.18 
2007/12/19,91.34 
2007/12/20,90.99 
2007/12/21,93.29 
2007/12/24,94.05 
2007/12/26,95.91 
2007/12/27,96.87 
2007/12/28,96.06 
2007/12/31,96.00 
2008/1/2,99.22 
2008/1/3,99.23 
2008/1/4,97.84 
2008/1/7,95.31 
2008/1/8,96.15 
2008/1/9,95.81 
2008/1/10,94.24 
2008/1/11,92.69 
2008/1/14,94.34 
2008/1/15,91.63 
2008/1/16,91.00 
2008/1/17,89.86 
2008/1/18,90.53 
2008/1/22,88.97 
2008/1/23,87.86 
2008/1/24,89.42 
2008/1/25,90.62 
2008/1/28,91.05 
2008/1/29,92.28 
2008/1/30,91.79 
2008/1/31,91.41 
2008/2/1,89.19 
2008/2/4,90.01 
2008/2/5,88.23 
2008/2/6,87.00 
2008/2/7,88.34 
2008/2/8,91.87 
2008/2/11,93.64 
2008/2/12,92.53 
2008/2/13,93.32 
2008/2/14,95.27 
2008/2/15,95.53 
2008/2/19,99.96 
2008/2/20,100.36 
2008/2/21,97.49 
2008/2/22,98.81 
2008/2/25,99.31 
2008/2/26,101.28 
2008/2/27,99.73 
2008/2/28,102.59 
2008/2/29,101.62 
2008/3/3,102.39 
2008/3/4,99.94 
2008/3/5,104.66 
2008/3/6,105.47 
2008/3/7,105.16 
2008/3/10,108.05 
2008/3/11,108.68 
2008/3/12,110.06 
2008/3/13,110.15 
2008/3/14,110.11 
2008/3/17,105.94 
2008/3/18,109.16 
2008/3/19,103.66 
2008/3/20,101.70 
2008/3/24,100.34 
2008/3/25,101.50 
2008/3/26,106.22 
2008/3/27,107.21 
2008/3/28,105.35 
2008/3/31,101.53 
2008/4/1,100.82 
2008/4/2,104.64 
2008/4/3,104.24 
2008/4/4,106.03 
2008/4/7,108.89 
2008/4/8,108.72 
2008/4/9,110.81 
2008/4/10,110.01 
2008/4/11,110.25 
2008/4/14,111.93 
2008/4/15,113.86 
2008/4/16,115.11 
2008/4/17,115.03 
2008/4/18,116.84 
2008/4/21,117.61 
2008/4/22,119.10 
2008/4/23,117.92 
2008/4/24,115.95 
2008/4/25,118.50 
2008/4/28,118.81 
2008/4/29,115.44 
2008/4/30,114.60 
2008/5/1,112.18 
2008/5/2,116.32 
2008/5/5,119.96 
2008/5/6,121.78 
2008/5/7,123.91 
2008/5/8,124.44 
2008/5/9,125.97 
2008/5/12,123.76 
2008/5/13,126.00 
2008/5/14,123.86 
2008/5/15,124.53 
2008/5/16,126.42 
2008/5/19,127.31 
2008/5/20,129.28 
2008/5/21,134.07 
2008/5/22,130.70 
2008/5/23,131.92 
2008/5/27,128.23 
2008/5/28,130.83 
2008/5/29,126.55 
2008/5/30,127.44 
2008/6/2,127.62 
2008/6/3,124.35 
2008/6/4,122.10 
2008/6/5,128.26 
2008/6/6,138.81 
2008/6/9,135.01 
2008/6/10,131.69 
2008/6/11,136.33 
2008/6/12,136.88 
2008/6/13,134.84 
2008/6/16,133.58 
2008/6/17,133.53 
2008/6/18,136.18 
2008/6/19,131.90 
2008/6/20,134.70 
2008/6/23,137.37 
2008/6/24,137.13 
2008/6/25,134.66 
2008/6/26,139.53 
2008/6/27,140.73 
2008/6/30,140.31 
2008/7/1,141.44 
2008/7/2,144.26 
2008/7/3,145.41 
2008/7/7,141.63 
2008/7/8,135.91 
2008/7/9,135.66 
2008/7/10,141.87 
2008/7/11,144.82 
2008/7/14,145.18 
2008/7/15,138.86 
2008/7/16,135.05 
2008/7/17,129.49 
2008/7/18,128.86 
2008/7/21,128.82 
2008/7/22,131.05 
2008/7/23,124.47 
2008/7/24,125.50 
2008/7/25,123.36 
2008/7/28,125.06 
2008/7/29,121.85 
2008/7/30,126.87 
2008/7/31,124.03 
2008/8/1,125.04 
2008/8/4,120.86 
2008/8/5,118.58 
2008/8/6,118.73 
2008/8/7,119.91 
2008/8/8,115.05 
2008/8/11,114.44 
2008/8/12,112.98 
2008/8/13,116.37 
2008/8/14,114.91 
2008/8/15,113.49 
2008/8/18,113.10 
2008/8/19,115.20 
2008/8/20,112.30 
2008/8/21,121.63 
2008/8/22,114.44 
2008/8/25,115.49 
2008/8/26,116.10 
2008/8/27,118.07 
2008/8/28,115.58 
2008/8/29,115.61 
2008/9/2,110.15 
2008/9/3,109.31 
2008/9/4,107.53 
2008/9/5,106.53 
2008/9/8,106.58 
2008/9/9,102.41 
2008/9/10,102.69 
2008/9/11,101.06 
2008/9/12,100.92 
2008/9/15,94.03 
2008/9/16,92.73 
2008/9/17,97.17 
2008/9/18,97.98 
2008/9/19,103.95 
2008/9/22,120.41 
2008/9/23,106.95 
2008/9/24,105.41 
2008/9/25,107.64 
2008/9/26,106.82 
2008/9/29,95.39 
2008/9/30,101.92 
2008/10/1,98.69 
2008/10/2,93.85 
2008/10/3,93.76 
2008/10/6,88.93 
2008/10/7,89.42 
2008/10/8,88.88 
2008/10/9,84.93 
2008/10/10,78.24 
2008/10/13,81.87 
2008/10/14,78.64 
2008/10/15,73.62 
2008/10/16,72.22 
2008/10/17,72.31 
2008/10/20,75.76 
2008/10/21,71.42 
2008/10/22,67.22 
2008/10/23,69.38 
2008/10/24,64.51 
2008/10/27,62.17 
2008/10/28,64.72 
2008/10/29,68.16 
2008/10/30,65.39 
2008/10/31,67.86 
2008/11/3,63.82 
2008/11/4,70.09 
2008/11/5,65.13 
2008/11/6,60.50 
2008/11/7,61.27 
2008/11/10,62.05 
2008/11/11,59.00 
2008/11/12,55.56 
2008/11/13,59.41 
2008/11/14,57.30 
2008/11/17,54.98 
2008/11/18,54.48 
2008/11/19,53.39 
2008/11/20,49.25 
2008/11/21,49.72 
2008/11/24,54.25 
2008/11/25,50.60 
2008/11/26,54.61 
2008/11/28,55.12 
2008/12/1,48.75 
2008/12/2,47.52 
2008/12/3,46.81 
2008/12/4,43.80 
2008/12/5,41.50 
2008/12/8,44.01 
2008/12/9,42.40 
2008/12/10,44.09 
2008/12/11,47.31 
2008/12/12,46.37 
2008/12/15,44.77 
2008/12/16,43.66 
2008/12/17,40.33 
2008/12/18,36.37 
2008/12/19,35.89 
2008/12/22,39.55 
2008/12/23,39.10 
2008/12/24,35.46 
2008/12/26,37.59 
2008/12/29,39.88 
2008/12/30,39.12 
2008/12/31,43.22 
2009/1/2,46.16 
2009/1/5,48.30 
2009/1/6,48.53 
2009/1/7,42.64 
2009/1/8,42.58 
2009/1/9,40.92 
2009/1/12,37.60 
2009/1/13,38.84 
2009/1/14,37.40 
2009/1/15,35.23 
2009/1/16,36.03 
2009/1/20,38.64 
2009/1/21,44.30 
2009/1/22,43.28 
2009/1/23,46.02 
2009/1/26,45.71 
2009/1/27,42.02 
2009/1/28,42.17 
2009/1/29,41.59 
2009/1/30,41.66 
2009/2/2,40.30 
2009/2/3,40.96 
2009/2/4,40.21 
2009/2/5,41.01 
2009/2/6,40.30 
2009/2/9,39.69 
2009/2/10,38.17 
2009/2/11,35.92 
2009/2/12,34.38 
2009/2/13,37.90 
2009/2/17,34.94 
2009/2/18,34.66 
2009/2/19,38.91 
2009/2/20,37.12 
2009/2/23,38.02 
2009/2/24,39.92 
2009/2/25,42.36 
2009/2/26,44.70 
2009/2/27,44.61 
2009/3/2,40.02 
2009/3/3,41.53 
2009/3/4,45.45 
2009/3/5,43.70 
2009/3/6,45.53 
2009/3/9,47.23 
2009/3/10,45.59 
2009/3/11,42.81 
2009/3/12,46.95 
2009/3/13,46.08 
2009/3/16,46.98 
2009/3/17,48.78 
2009/3/18,49.61 
2009/3/19,51.19 
2009/3/20,51.05 
2009/3/23,53.83 
2009/3/24,53.64 
2009/3/25,52.84 
2009/3/26,53.98 
2009/3/27,52.36 
2009/3/30,48.59 
2009/3/31,48.89 
2009/4/1,48.45 
2009/4/2,52.42 
2009/4/3,52.31 
2009/4/6,51.32 
2009/4/7,48.42 
2009/4/8,50.07 
2009/4/9,52.17 
2009/4/13,49.95 
2009/4/14,49.14 
2009/4/15,49.88 
2009/4/16,49.88 
2009/4/17,50.22 
2009/4/20,45.52 
2009/4/21,46.61 
2009/4/22,48.67 
2009/4/23,49.64 
2009/4/24,51.59 
2009/4/27,50.11 
2009/4/28,49.20 
2009/4/29,50.77 
2009/4/30,50.84 
2009/5/1,52.88 
2009/5/4,54.51 
2009/5/5,54.14 
2009/5/6,56.34 
2009/5/7,56.45 
2009/5/8,58.58 
2009/5/11,58.13 
2009/5/12,59.30 
2009/5/13,57.73 
2009/5/14,58.64 
2009/5/15,56.52 
2009/5/18,59.21 
2009/5/19,58.80 
2009/5/20,61.70 
2009/5/21,61.06 
2009/5/22,61.58 
2009/5/26,62.52 
2009/5/27,62.95 
2009/5/28,64.79 
2009/5/29,66.32 
2009/6/1,68.07 
2009/6/2,68.19 
2009/6/3,66.00 
2009/6/4,68.90 
2009/6/5,68.45 
2009/6/8,68.80 
2009/6/9,70.62 
2009/6/10,71.50 
2009/6/11,72.45 
2009/6/12,72.09 
2009/6/15,70.27 
2009/6/16,70.25 
2009/6/17,70.85 
2009/6/18,71.36 
2009/6/19,69.62 
2009/6/22,67.08 
2009/6/23,68.50 
2009/6/24,68.38 
2009/6/25,70.42 
2009/6/26,69.25 
2009/6/29,71.56 
2009/6/30,70.60 
2009/7/1,69.16 
2009/7/2,66.43 
2009/7/6,64.08 
2009/7/7,62.23 
2009/7/8,60.40 
2009/7/9,60.45 
2009/7/10,59.80 
2009/7/13,59.98 
2009/7/14,59.79 
2009/7/15,61.94 
2009/7/16,62.23 
2009/7/17,63.52 
2009/7/20,64.26 
2009/7/21,64.78 
2009/7/22,65.43 
2009/7/23,66.69 
2009/7/24,68.00 
2009/7/27,68.15 
2009/7/28,66.72 
2009/7/29,62.89 
2009/7/30,66.69 
2009/7/31,68.80 
2009/8/3,71.39 
2009/8/4,71.79 
2009/8/5,71.82 
2009/8/6,71.81 
2009/8/7,70.59 
2009/8/10,70.67 
2009/8/11,69.57 
2009/8/12,70.57 
2009/8/13,70.95 
2009/8/14,67.43 
2009/8/17,66.78 
2009/8/18,70.22 
2009/8/19,72.31 
2009/8/20,74.89 
2009/8/21,73.85 
2009/8/24,74.03 
2009/8/25,71.35 
2009/8/26,71.32 
2009/8/27,72.81 
2009/8/28,72.82 
2009/8/31,69.55 
2009/9/1,68.25 
2009/9/2,68.07 
2009/9/3,68.08 
2009/9/4,67.98 
2009/9/8,71.33 
2009/9/9,71.67 
2009/9/10,72.06 
2009/9/11,69.34 
2009/9/14,68.70 
2009/9/15,70.32 
2009/9/16,72.42 
2009/9/17,72.41 
2009/9/18,72.00 
2009/9/21,69.48 
2009/9/22,71.66 
2009/9/23,68.31 
2009/9/24,65.95 
2009/9/25,66.01 
2009/9/28,67.18 
2009/9/29,66.70 
2009/9/30,70.42 
2009/10/1,70.28 
2009/10/2,69.70 
2009/10/5,70.25 
2009/10/6,71.19 
2009/10/7,69.81 
2009/10/8,71.38 
2009/10/9,72.01 
2009/10/12,73.11 
2009/10/13,74.42 
2009/10/14,75.39 
2009/10/15,77.78 
2009/10/16,78.57 
2009/10/19,79.59 
2009/10/20,78.75 
2009/10/21,81.03 
2009/10/22,81.25 
2009/10/23,80.19 
2009/10/26,78.62 
2009/10/27,79.43 
2009/10/28,77.07 
2009/10/29,80.02 
2009/10/30,77.05 
2009/11/2,78.17 
2009/11/3,79.50 
2009/11/4,80.24 
2009/11/5,79.77 
2009/11/6,77.46 
2009/11/9,79.26 
2009/11/10,78.83 
2009/11/11,79.22 
2009/11/12,76.75 
2009/11/13,76.52 
2009/11/16,78.89 
2009/11/17,79.42 
2009/11/18,79.74 
2009/11/19,77.84 
2009/11/20,76.69 
2009/11/23,77.47 
2009/11/24,75.83 
2009/11/25,77.81 
2009/11/27,75.97 
2009/11/30,77.41 
2009/12/1,77.90 
2009/12/2,76.46 
2009/12/3,75.74 
2009/12/4,75.72 
2009/12/7,74.06 
2009/12/8,73.08 
2009/12/9,70.67 
2009/12/10,70.59 
2009/12/11,69.59 
2009/12/14,69.53 
2009/12/15,70.85 
2009/12/16,72.81 
2009/12/17,72.71 
2009/12/18,73.08 
2009/12/21,72.73 
2009/12/22,74.47 
2009/12/23,76.59 
2009/12/24,77.74 
2009/12/28,78.66 
2009/12/29,78.78 
2009/12/30,79.41 
2009/12/31,79.61 
2010/1/4,81.64 
2010/1/5,81.47 
2010/1/6,83.25 
2010/1/7,82.69 
2010/1/8,82.91 
2010/1/11,82.04 
2010/1/12,80.11 
2010/1/13,79.66 
2010/1/14,79.19 
2010/1/15,77.95 
2010/1/19,78.83 
2010/1/20,78.35 
2010/1/21,75.84 
2010/1/22,74.07 
2010/1/25,75.22 
2010/1/26,74.66 
2010/1/27,73.75 
2010/1/28,73.89 
2010/1/29,72.67 
2010/2/1,74.97 
2010/2/2,77.00 
2010/2/3,77.10 
2010/2/4,73.00 
2010/2/5,71.91 
2010/2/8,71.69 
2010/2/9,73.78 
2010/2/10,74.67 
2010/2/11,75.33 
2010/2/12,74.20 
2010/2/16,77.38 
2010/2/17,77.35 
2010/2/18,78.39 
2010/2/19,80.09 
2010/2/22,79.19 
2010/2/23,79.13 
2010/2/24,80.33 
2010/2/25,78.34 
2010/2/26,79.63 
2010/3/1,78.84 
2010/3/2,79.65 
2010/3/3,81.03 
2010/3/4,80.60 
2010/3/5,81.79 
2010/3/8,81.80 
2010/3/9,81.38 
2010/3/10,81.98 
2010/3/11,82.27 
2010/3/12,81.10 
2010/3/15,79.86 
2010/3/16,82.06 
2010/3/17,82.87 
2010/3/18,82.21 
2010/3/19,80.68 
2010/3/22,80.69 
2010/3/23,81.64 
2010/3/24,80.23 
2010/3/25,80.16 
2010/3/26,80.14 
2010/3/29,82.52 
2010/3/30,82.55 
2010/3/31,83.38 
2010/4/1,85.27 
2010/4/5,86.83 
2010/4/6,86.78 
2010/4/7,85.64 
2010/4/8,85.64 
2010/4/9,84.87 
2010/4/12,84.31 
2010/4/13,83.81 
2010/4/14,85.94 
2010/4/15,85.31 
2010/4/16,82.95 
2010/4/19,81.91 
2010/4/20,83.44 
2010/4/21,83.44 
2010/4/22,83.75 
2010/4/23,85.06 
2010/4/26,83.88 
2010/4/27,81.84 
2010/4/28,83.32 
2010/4/29,85.60 
2010/4/30,86.19 
2010/5/3,85.99 
2010/5/4,82.08 
2010/5/5,79.56 
2010/5/6,76.85 
2010/5/7,75.44 
2010/5/10,77.28 
2010/5/11,76.03 
2010/5/12,75.51 
2010/5/13,73.87 
2010/5/14,72.03 
2010/5/17,70.48 
2010/5/18,69.09 
2010/5/19,71.10 
2010/5/20,68.67 
2010/5/21,70.42 
2010/5/24,70.01 
2010/5/25,69.95 
2010/5/26,70.88 
2010/5/27,74.92 
2010/5/28,74.19 
2010/6/1,71.94 
2010/6/2,73.69 
2010/6/3,74.62 
2010/6/4,70.92 
2010/6/7,71.14 
2010/6/8,72.51 
2010/6/9,73.89 
2010/6/10,75.45 
2010/6/11,74.23 
2010/6/14,74.77 
2010/6/15,77.07 
2010/6/16,77.50 
2010/6/17,76.59 
2010/6/18,77.34 
2010/6/21,77.08 
2010/6/22,76.94 
2010/6/23,76.06 
2010/6/24,76.56 
2010/6/25,79.16 
2010/6/28,78.15 
2010/6/29,75.44 
2010/6/30,75.35 
2010/7/1,72.60 
2010/7/2,72.29 
2010/7/6,72.03 
2010/7/7,74.89 
2010/7/8,75.92 
2010/7/9,76.45 
2010/7/12,75.02 
2010/7/13,77.23 
2010/7/14,76.77 
2010/7/15,76.88 
2010/7/16,75.78 
2010/7/19,76.46 
2010/7/20,76.95 
2010/7/21,76.46 
2010/7/22,79.23 
2010/7/23,78.87 
2010/7/26,78.87 
2010/7/27,77.07 
2010/7/28,76.84 
2010/7/29,78.25 
2010/7/30,78.97 
2010/8/2,81.46 
2010/8/3,82.50 
2010/8/4,82.47 
2010/8/5,82.19 
2010/8/6,80.88 
2010/8/9,81.43 
2010/8/10,80.28 
2010/8/11,77.34 
2010/8/12,75.74 
2010/8/13,75.56 
2010/8/16,75.06 
2010/8/17,75.50 
2010/8/18,75.24 
2010/8/19,74.44 
2010/8/20,73.44 
2010/8/23,72.89 
2010/8/24,71.50 
2010/8/25,72.91 
2010/8/26,73.07 
2010/8/27,75.56 
2010/8/30,74.06 
2010/8/31,71.66 
2010/9/1,73.91 
2010/9/2,74.92 
2010/9/3,74.33 
2010/9/7,73.81 
2010/9/8,74.95 
2010/9/9,74.25 
2010/9/10,76.38 
2010/9/13,77.14 
2010/9/14,76.67 
2010/9/15,75.81 
2010/9/16,74.50 
2010/9/17,73.50 
2010/9/20,74.69 
2010/9/21,72.84 
2010/9/22,74.87 
2010/9/23,74.95 
2010/9/24,76.47 
2010/9/27,76.22 
2010/9/28,76.25 
2010/9/29,77.92 
2010/9/30,79.80 
2010/10/1,81.73 
2010/10/4,81.32 
2010/10/5,82.61 
2010/10/6,83.34 
2010/10/7,81.41 
2010/10/8,82.84 
2010/10/11,81.95 
2010/10/12,81.68 
2010/10/13,83.19 
2010/10/14,82.81 
2010/10/15,81.45 
2010/10/18,83.00 
2010/10/19,79.35 
2010/10/20,81.92 
2010/10/21,80.73 
2010/10/22,81.90 
2010/10/25,82.39 
2010/10/26,82.45 
2010/10/27,81.97 
2010/10/28,81.92 
2010/10/29,81.43 
2010/11/1,82.96 
2010/11/2,84.44 
2010/11/3,85.06 
2010/11/4,86.61 
2010/11/5,87.42 
2010/11/8,86.70 
2010/11/9,86.40 
2010/11/10,87.89 
2010/11/11,87.72 
2010/11/12,84.75 
2010/11/15,84.53 
2010/11/16,82.30 
2010/11/17,80.39 
2010/11/18,82.25 
2010/11/19,81.62 
2010/11/22,81.57 
2010/11/23,80.98 
2010/11/24,84.23 
2010/11/26,83.89 
2010/11/29,85.89 
2010/11/30,83.60 
2010/12/1,86.83 
2010/12/2,87.95 
2010/12/3,89.44 
2010/12/6,88.85 
2010/12/7,88.25 
2010/12/8,88.50 
2010/12/9,88.53 
2010/12/10,87.81 
2010/12/13,88.19 
2010/12/14,88.27 
2010/12/15,88.32 
2010/12/16,87.81 
2010/12/17,88.22 
2010/12/20,89.27 
2010/12/21,90.03 
2010/12/22,90.62 
2010/12/23,91.47 
2010/12/27,90.73 
2010/12/28,91.25 
2010/12/29,90.97 
2010/12/30,89.60 
2010/12/31,91.40 
2011/1/3,91.56 
2011/1/4,89.23 
2011/1/5,90.38 
2011/1/6,88.12 
2011/1/7,88.48 
2011/1/10,89.36 
2011/1/11,91.22 
2011/1/12,91.97 
2011/1/13,90.95 
2011/1/14,91.66 
2011/1/18,91.26 
2011/1/19,90.60 
2011/1/20,89.90 
2011/1/21,89.13 
2011/1/24,87.73 
2011/1/25,86.20 
2011/1/26,87.61 
2011/1/27,85.23 
2011/1/28,89.49 
2011/1/31,92.22 
2011/2/1,90.47 
2011/2/2,90.92 
2011/2/3,90.55 
2011/2/4,89.13 
2011/2/7,87.44 
2011/2/8,87.43 
2011/2/9,86.80 
2011/2/10,87.56 
2011/2/11,85.31 
2011/2/14,84.82 
2011/2/15,84.36 
2011/2/16,85.20 
2011/2/17,86.39 
2011/2/18,86.15 
2011/2/22,93.36 
2011/2/23,98.98 
2011/2/24,96.81 
2011/2/25,98.22 
2011/2/28,96.88 
2011/3/1,100.59 
2011/3/2,102.44 
2011/3/3,101.69 
2011/3/4,104.91 
2011/3/7,104.75 
2011/3/8,105.03 
2011/3/9,104.45 
2011/3/10,102.58 
2011/3/11,100.59 
2011/3/14,101.70 
2011/3/15,97.38 
2011/3/16,98.14 
2011/3/17,101.73 
2011/3/18,101.61 
2011/3/21,102.02 
2011/3/22,102.57 
2011/3/23,105.56 
2011/3/24,105.41 
2011/3/25,105.55 
2011/3/28,103.86 
2011/3/29,104.55 
2011/3/30,104.35 
2011/3/31,106.78 
2011/4/1,108.31 
2011/4/4,108.22 
2011/4/5,107.97 
2011/4/6,108.63 
2011/4/7,110.39 
2011/4/8,113.06 
2011/4/11,108.88 
2011/4/12,106.05 
2011/4/13,107.38 
2011/4/14,108.47 
2011/4/15,109.39 
2011/4/18,107.58 
2011/4/19,108.00 
2011/4/20,111.38 
2011/4/21,112.35 
2011/4/25,112.19 
2011/4/26,111.94 
2011/4/27,113.16 
2011/4/28,112.76 
2011/4/29,113.73 
2011/5/2,112.98 
2011/5/3,110.81 
2011/5/4,108.82 
2011/5/5,99.84 
2011/5/6,98.05 
2011/5/9,102.65 
2011/5/10,103.63 
2011/5/11,98.59 
2011/5/12,98.78 
2011/5/13,99.35 
2011/5/16,97.01 
2011/5/17,97.56 
2011/5/18,99.81 
2011/5/19,98.56 
2011/5/20,98.76 
2011/5/23,97.47 
2011/5/24,99.38 
2011/5/25,101.19 
2011/5/26,100.11 
2011/5/27,100.75 
2011/5/31,102.58 
2011/6/1,99.72 
2011/6/2,100.87 
2011/6/3,100.57 
2011/6/6,98.78 
2011/6/7,99.52 
2011/6/8,100.80 
2011/6/9,101.87 
2011/6/10,98.94 
2011/6/13,96.96 
2011/6/14,99.64 
2011/6/15,95.36 
2011/6/16,95.15 
2011/6/17,92.92 
2011/6/20,93.33 
2011/6/21,93.25 
2011/6/22,94.44 
2011/6/23,92.35 
2011/6/24,91.22 
2011/6/27,90.83 
2011/6/28,93.36 
2011/6/29,95.05 
2011/6/30,95.11 
2011/7/1,94.73 
2011/7/5,97.02 
2011/7/6,97.01 
2011/7/7,98.77 
2011/7/8,96.47 
2011/7/11,95.13 
2011/7/12,96.64 
2011/7/13,97.62 
2011/7/14,96.04 
2011/7/15,97.48 
2011/7/18,96.15 
2011/7/19,97.97 
2011/7/20,98.03 
2011/7/21,99.12 
2011/7/22,99.81 
2011/7/25,99.08 
2011/7/26,99.22 
2011/7/27,97.24 
2011/7/28,97.16 
2011/7/29,95.87 
2011/8/1,94.97 
2011/8/2,93.27 
2011/8/3,91.91 
2011/8/4,86.43 
2011/8/5,87.22 
2011/8/8,81.07 
2011/8/9,82.12 
2011/8/10,82.08 
2011/8/11,85.67 
2011/8/12,85.32 
2011/8/15,87.69 
2011/8/16,87.17 
2011/8/17,87.38 
2011/8/18,81.31 
2011/8/19,82.75 
2011/8/22,82.31 
2011/8/23,85.69 
2011/8/24,85.24 
2011/8/25,84.98 
2011/8/26,85.56 
2011/8/29,87.56 
2011/8/30,88.73 
2011/8/31,88.73 
2011/9/1,88.77 
2011/9/2,86.65 
2011/9/6,86.53 
2011/9/7,90.10 
2011/9/8,88.64 
2011/9/9,87.00 
2011/9/12,88.91 
2011/9/13,89.80 
2011/9/14,88.56 
2011/9/15,89.03 
2011/9/16,87.88 
2011/9/19,85.94 
2011/9/20,86.29 
2011/9/21,84.81 
2011/9/22,80.53 
2011/9/23,79.94 
2011/9/26,81.48 
2011/9/27,83.73 
2011/9/28,80.64 
2011/9/29,83.11 
2011/9/30,78.75 
2011/10/3,76.40 
2011/10/4,78.23 
2011/10/5,79.77 
2011/10/6,82.55 
2011/10/7,82.86 
2011/10/10,85.79 
2011/10/11,85.16 
2011/10/12,84.92 
2011/10/13,84.56 
2011/10/14,87.27 
2011/10/17,86.27 
2011/10/18,88.42 
2011/10/19,86.06 
2011/10/20,86.66 
2011/10/21,87.54 
2011/10/24,91.62 
2011/10/25,92.53 
2011/10/26,90.90 
2011/10/27,93.98 
2011/10/28,93.48 
2011/10/31,92.59 
2011/11/1,91.56 
2011/11/2,92.87 
2011/11/3,94.28 
2011/11/4,94.45 
2011/11/7,95.94 
2011/11/8,97.01 
2011/11/9,95.78 
2011/11/10,97.58 
2011/11/11,99.22 
2011/11/14,98.00 
2011/11/15,99.30 
2011/11/16,101.74 
2011/11/17,98.62 
2011/11/18,98.00 
2011/11/21,97.07 
2011/11/22,97.73 
2011/11/23,95.83 
2011/11/25,97.38 
2011/11/28,97.75 
2011/11/29,99.50 
2011/11/30,100.51 
2011/12/1,100.01 
2011/12/2,101.11 
2011/12/5,100.56 
2011/12/6,101.18 
2011/12/7,100.55 
2011/12/8,97.97 
2011/12/9,99.81 
2011/12/12,97.92 
2011/12/13,100.37 
2011/12/14,94.81 
2011/12/15,93.42 
2011/12/16,93.79 
2011/12/19,94.09 
2011/12/20,95.55 
2011/12/21,99.01 
2011/12/22,99.47 
2011/12/23,99.85 
2011/12/27,101.28 
2011/12/28,99.59 
2011/12/29,99.82 
2011/12/30,99.06 
2012/1/3,102.91 
2012/1/4,103.29 
2012/1/5,101.34 
2012/1/6,101.92 
2012/1/9,101.31 
2012/1/10,102.17 
2012/1/11,100.98 
2012/1/12,99.25 
2012/1/13,99.05 
2012/1/17,101.00 
2012/1/18,101.14 
2012/1/19,100.36 
2012/1/20,98.14 
2012/1/23,99.93 
2012/1/24,99.23 
2012/1/25,99.75 
2012/1/26,99.88 
2012/1/27,99.78 
2012/1/30,98.95 
2012/1/31,98.28 
2012/2/1,97.16 
2012/2/2,96.59 
2012/2/3,97.77 
2012/2/6,97.08 
2012/2/7,98.75 
2012/2/8,99.05 
2012/2/9,99.80 
2012/2/10,99.05 
2012/2/13,100.79 
2012/2/14,101.00 
2012/2/15,101.87 
2012/2/16,102.33 
2012/2/17,104.03 
2012/2/21,105.82 
2012/2/22,105.95 
2012/2/23,108.68 
2012/2/24,109.62 
2012/2/27,107.88 
2012/2/28,106.49 
2012/2/29,106.91 
2012/3/1,108.60 
2012/3/2,106.51 
2012/3/5,107.13 
2012/3/6,104.98 
2012/3/7,106.16 
2012/3/8,106.84 
2012/3/9,107.43 
2012/3/12,106.57 
2012/3/13,106.71 
2012/3/14,105.55 
2012/3/15,105.45 
2012/3/16,107.17 
2012/3/19,107.86 
2012/3/20,105.67 
2012/3/21,106.91 
2012/3/22,105.59 
2012/3/23,106.75 
2012/3/26,107.11 
2012/3/27,106.77 
2012/3/28,105.55 
2012/3/29,103.28 
2012/3/30,102.93 
2012/4/2,105.05 
2012/4/3,104.06 
2012/4/4,102.04 
2012/4/5,103.24 
2012/4/9,102.17 
2012/4/10,100.94 
2012/4/11,102.56 
2012/4/12,103.63 
2012/4/13,102.84 
2012/4/16,103.17 
2012/4/17,104.27 
2012/4/18,102.77 
2012/4/19,102.64 
2012/4/20,102.94 
2012/4/23,103.07 
2012/4/24,103.79 
2012/4/25,103.95 
2012/4/26,104.16 
2012/4/27,104.78 
2012/4/30,104.88 
2012/5/1,105.98 
2012/5/2,105.38 
2012/5/3,102.44 
2012/5/4,98.59 
2012/5/7,97.98 
2012/5/8,97.39 
2012/5/9,96.38 
2012/5/10,96.55 
2012/5/11,95.57 
2012/5/14,94.09 
2012/5/15,93.09 
2012/5/16,92.81 
2012/5/17,92.91 
2012/5/18,91.34 
2012/5/21,92.58 
2012/5/22,92.20 
2012/5/23,90.57 
2012/5/24,90.80 
2012/5/25,90.72 
2012/5/29,90.91 
2012/5/30,87.47 
2012/5/31,86.50 
2012/6/1,83.28 
2012/6/4,84.11 
2012/6/5,84.06 
2012/6/6,85.53 
2012/6/7,83.62 
2012/6/8,84.32 
2012/6/11,81.12 
2012/6/12,83.47 
2012/6/13,82.39 
2012/6/14,84.36 
2012/6/15,84.19 
2012/6/18,83.04 
2012/6/19,83.98 
2012/6/20,82.50 
2012/6/21,78.25 
2012/6/22,80.12 
2012/6/25,79.17 
2012/6/26,79.48 
2012/6/27,80.53 
2012/6/28,78.44 
2012/6/29,84.88 
2012/7/2,83.65 
2012/7/3,87.72 
2012/7/5,86.80 
2012/7/6,84.12 
2012/7/9,85.71 
2012/7/10,83.98 
2012/7/11,86.16 
2012/7/12,85.76 
2012/7/13,86.98 
2012/7/16,88.23 
2012/7/17,89.12 
2012/7/18,89.97 
2012/7/19,92.56 
2012/7/20,88.90 
2012/7/23,88.02 
2012/7/24,88.19 
2012/7/25,89.00 
2012/7/26,89.34 
2012/7/27,90.18 
2012/7/30,89.55 
2012/7/31,87.84 
2012/8/1,88.80 
2012/8/2,87.31 
2012/8/3,91.34 
2012/8/6,92.08 
2012/8/7,93.62 
2012/8/8,93.38 
2012/8/9,93.65 
2012/8/10,93.41 
2012/8/13,92.81 
2012/8/14,93.35 
2012/8/15,94.28 
2012/8/16,95.34 
2012/8/17,96.03 
2012/8/20,95.80 
2012/8/21,96.44 
2012/8/22,97.32 
2012/8/23,95.97 
2012/8/24,96.06 
2012/8/27,95.67 
2012/8/28,96.14 
2012/8/29,95.19 
2012/8/30,94.79 
2012/8/31,96.54 
2012/9/4,95.62 
2012/9/5,96.03 
2012/9/6,94.77 
2012/9/7,96.28 
2012/9/10,96.26 
2012/9/11,96.91 
2012/9/12,96.86 
2012/9/13,98.06 
2012/9/14,99.05 
2012/9/17,96.52 
2012/9/18,95.47 
2012/9/19,91.56 
2012/9/20,91.81 
2012/9/21,92.98 
2012/9/24,92.05 
2012/9/25,90.78 
2012/9/26,90.14 
2012/9/27,92.30 
2012/9/28,92.09 
2012/10/1,92.41 
2012/10/2,91.66 
2012/10/3,88.02 
2012/10/4,91.55 
2012/10/5,89.89 
2012/10/8,89.72 
2012/10/9,92.25 
2012/10/10,91.28 
2012/10/11,92.42 
2012/10/12,91.64 
2012/10/15,91.81 
2012/10/16,92.03 
2012/10/17,92.03 
2012/10/18,92.16 
2012/10/19,89.90 
2012/10/22,87.12 
2012/10/23,86.49 
2012/10/24,85.63 
2012/10/25,85.99 
2012/10/26,86.12 
2012/10/29,85.25 
2012/10/30,85.67 
2012/10/31,86.06 
2012/11/1,86.91 
2012/11/2,84.76 
2012/11/5,85.72 
2012/11/6,88.41 
2012/11/7,84.50 
2012/11/8,84.97 
2012/11/9,86.14 
2012/11/12,85.59 
2012/11/13,85.33 
2012/11/14,86.41 
2012/11/15,85.25 
2012/11/16,86.60 
2012/11/19,89.19 
2012/11/20,87.27 
2012/11/21,87.69 
2012/11/23,88.27 
2012/11/26,87.77 
2012/11/27,87.34 
2012/11/28,86.59 
2012/11/29,87.71 
2012/11/30,88.83 
2012/12/3,88.89 
2012/12/4,88.40 
2012/12/5,87.89 
2012/12/6,86.35 
2012/12/7,85.92 
2012/12/10,85.69 
2012/12/11,85.71 
2012/12/12,86.78 
2012/12/13,86.14 
2012/12/14,86.82 
2012/12/17,87.45 
2012/12/18,87.96 
2012/12/19,89.91 
2012/12/20,89.92 
2012/12/21,88.91 
2012/12/24,88.79 
2012/12/26,91.14 
2012/12/27,91.09 
2012/12/28,90.76 
2012/12/31,91.77 
2013/1/2,92.94 
2013/1/3,92.84 
2013/1/4,93.17 
2013/1/7,93.31 
2013/1/8,93.16 
2013/1/9,93.25 
2013/1/10,93.88 
2013/1/11,93.76 
2013/1/14,94.19 
2013/1/15,93.42 
2013/1/16,94.16 
2013/1/17,95.20 
2013/1/18,95.31 
2013/1/22,96.24 
2013/1/23,95.56 
2013/1/24,95.97 
2013/1/25,96.09 
2013/1/28,96.55 
2013/1/29,97.34 
2013/1/30,98.03 
2013/1/31,97.42 
2013/2/1,97.62 
2013/2/4,96.12 
2013/2/5,96.67 
2013/2/6,96.81 
2013/2/7,95.90 
2013/2/8,95.75 
2013/2/11,97.00 
2013/2/12,97.57 
2013/2/13,97.17 
2013/2/14,97.33 
2013/2/15,96.12 
2013/2/19,96.67 
2013/2/20,95.56 
2013/2/21,92.92 
2013/2/22,93.35 
2013/2/25,92.10 
2013/2/26,92.72 
2013/2/27,92.84 
2013/2/28,91.84 
2013/3/1,90.97 
2013/3/4,90.22 
2013/3/5,90.83 
2013/3/6,90.43 
2013/3/7,91.41 
2013/3/8,91.88 
2013/3/11,91.97 
2013/3/12,92.61 
2013/3/13,92.48 
2013/3/14,93.18 
2013/3/15,93.50 
2013/3/18,93.83 
2013/3/19,92.20 
2013/3/20,92.96 
2013/3/21,92.38 
2013/3/22,93.87 
2013/3/25,94.65 
2013/3/26,96.18 
2013/3/27,96.72 
2013/3/28,97.19 
2013/4/1,96.95 
2013/4/2,96.92 
2013/4/3,94.50 
2013/4/4,93.36 
2013/4/5,93.01 
2013/4/8,93.55 
2013/4/9,93.97 
2013/4/10,94.54 
2013/4/11,93.50 
2013/4/12,90.66 
2013/4/15,87.44 
2013/4/16,88.84 
2013/4/17,86.40 
2013/4/18,88.40 
2013/4/19,87.98 
2013/4/22,88.76 
2013/4/23,89.50 
2013/4/24,91.65 
2013/4/25,93.28 
2013/4/26,92.80 
2013/4/29,94.45 
2013/4/30,93.06 
2013/5/1,90.97 
2013/5/2,94.03 
2013/5/3,95.58 
2013/5/6,95.78 
2013/5/7,95.47 
2013/5/8,96.64 
2013/5/9,96.18 
2013/5/10,95.90 
2013/5/13,94.95 
2013/5/14,94.17 
2013/5/15,94.38 
2013/5/16,95.19 
2013/5/17,96.02 
2013/5/20,96.58 
2013/5/21,96.16 
2013/5/22,94.09 
2013/5/23,94.41 
2013/5/24,93.85 
2013/5/28,95.10 
2013/5/29,92.89 
2013/5/30,93.59 
2013/5/31,91.67 
2013/6/3,93.34 
2013/6/4,93.84 
2013/6/5,93.78 
2013/6/6,94.75 
2013/6/7,96.27 
2013/6/10,95.75 
2013/6/11,94.89 
2013/6/12,95.80 
2013/6/13,96.69 
2013/6/14,97.81 
2013/6/17,97.91 
2013/6/18,98.59 
2013/6/19,97.92 
2013/6/20,95.40 
2013/6/21,93.87 
2013/6/24,94.94 
2013/6/25,95.20 
2013/6/26,95.43 
2013/6/27,96.82 
2013/6/28,96.49 
2013/7/1,98.06 
2013/7/2,99.61 
2013/7/3,101.16 
2013/7/5,103.56 
2013/7/8,103.05 
2013/7/9,104.53 
2013/7/10,106.12 
2013/7/11,104.62 
2013/7/12,106.22 
2013/7/15,106.47 
2013/7/16,105.86 
2013/7/17,106.54 
2013/7/18,108.14 
2013/7/19,108.22 
2013/7/22,106.91 
2013/7/23,107.42 
2013/7/24,105.29 
2013/7/25,105.59 
2013/7/26,104.56 
2013/7/29,104.55 
2013/7/30,103.10 
2013/7/31,105.35 
2013/8/1,107.80 
2013/8/2,106.81 
2013/8/5,106.45 
2013/8/6,105.72 
2013/8/7,104.22 
2013/8/8,103.83 
2013/8/9,106.09 
2013/8/12,106.14 
2013/8/13,106.56 
2013/8/14,106.98 
2013/8/15,107.28 
2013/8/16,107.64 
2013/8/19,106.94 
2013/8/20,104.97 
2013/8/21,103.88 
2013/8/22,105.19 
2013/8/23,106.36 
2013/8/26,106.12 
2013/8/27,109.05 
2013/8/28,109.50 
2013/8/29,108.19 
2013/8/30,107.77 
2013/9/3,108.47 
2013/9/4,107.34 
2013/9/5,108.50 
2013/9/6,110.30 
2013/9/9,108.96 
2013/9/10,107.31 
2013/9/11,107.72 
2013/9/12,108.74 
2013/9/13,108.58 
2013/9/16,106.16 
2013/9/17,105.50 
2013/9/18,108.18 
2013/9/19,106.16 
2013/9/20,104.68 
2013/9/23,103.38 
2013/9/24,103.37 
2013/9/25,102.30 
2013/9/26,102.88 
2013/9/27,102.83 
2013/9/30,102.31 
2013/10/1,101.64 
2013/10/2,103.81 
2013/10/3,102.94 
2013/10/4,103.66 
2013/10/7,103.18 
2013/10/8,103.53 
2013/10/9,101.44 
2013/10/10,102.88 
2013/10/11,101.81 
2013/10/14,102.14 
2013/10/15,100.95 
2013/10/16,102.12 
2013/10/17,100.72 
2013/10/18,100.75 
2013/10/21,99.27 
2013/10/22,97.80 
2013/10/23,97.13 
2013/10/24,97.17 
2013/10/25,97.97 
2013/10/28,98.54 
2013/10/29,97.77 
2013/10/30,96.58 
2013/10/31,96.27 
2013/11/1,94.61 
2013/11/4,94.47 
2013/11/5,93.69 
2013/11/6,94.93 
2013/11/7,94.37 
2013/11/8,94.34 
2013/11/11,95.01 
2013/11/12,93.05 
2013/11/13,93.48 
2013/11/14,93.96 
2013/11/15,93.66 
2013/11/18,93.03 
2013/11/19,93.30 
2013/11/20,93.33 
2013/11/21,95.28 
2013/11/22,94.79 
2013/11/25,94.18 
2013/11/26,93.50 
2013/11/27,92.37 
2013/11/29,92.79 
2013/12/2,93.90 
2013/12/3,96.90 
2013/12/4,97.29 
2013/12/5,97.43 
2013/12/6,97.75 
2013/12/9,97.19 
2013/12/10,98.65 
2013/12/11,97.43 
2013/12/12,97.52 
2013/12/13,96.46 
2013/12/16,97.35 
2013/12/17,97.19 
2013/12/18,97.58 
2013/12/19,98.77 
2013/12/20,99.15 
2013/12/23,98.72 
2013/12/24,99.24 
2013/12/26,99.64 
2013/12/27,100.16 
2013/12/30,99.17 
2013/12/31,98.69 
2014/1/2,95.41 
2014/1/3,94.17 
2014/1/6,93.65 
2014/1/7,93.94 
2014/1/8,92.52 
2014/1/9,92.32 
2014/1/10,92.85 
2014/1/13,91.53 
2014/1/14,92.62 
2014/1/15,94.35 
2014/1/16,94.12 
2014/1/17,94.10 
2014/1/21,94.99 
2014/1/22,96.67 
2014/1/23,97.35 
2014/1/24,96.91 
2014/1/27,95.66 
2014/1/28,97.17 
2014/1/29,97.45 
2014/1/30,98.03 
2014/1/31,97.47 
2014/2/3,96.66 
2014/2/4,97.73 
2014/2/5,97.30 
2014/2/6,97.95 
2014/2/7,100.17 
2014/2/10,99.97 
2014/2/11,100.39 
2014/2/12,100.28 
2014/2/13,100.37 
2014/2/14,100.38 
2014/2/18,103.16 
2014/2/19,103.38 
2014/2/20,102.92 
2014/2/21,102.31 
2014/2/24,102.85 
2014/2/25,102.03 
2014/2/26,102.62 
2014/2/27,102.11 
2014/2/28,102.71 
2014/3/3,104.86 
2014/3/4,103.34 
2014/3/5,100.95 
2014/3/6,101.99 
2014/3/7,102.69 
2014/3/10,100.93 
2014/3/11,99.51 
2014/3/12,98.09 
2014/3/13,98.25 
2014/3/14,99.01 
2014/3/17,97.99 
2014/3/18,99.55 
2014/3/19,100.31 
2014/3/20,99.43 
2014/3/21,99.62 
2014/3/24,99.43 
2014/3/25,99.19 
2014/3/26,100.28 
2014/3/27,101.38 
2014/3/28,101.61 
2014/3/31,101.53 
2014/4/1,99.69 
2014/4/2,99.30 
2014/4/3,100.45 
2014/4/4,101.10 
2014/4/7,100.76 
2014/4/8,102.34 
2014/4/9,103.44 
2014/4/10,103.38 
2014/4/11,103.35 
2014/4/14,103.60 
2014/4/15,103.83 
2014/4/16,103.81 
2014/4/17,104.59 
2014/4/21,104.17 
2014/4/22,102.13 
2014/4/23,101.57 
2014/4/24,101.89 
2014/4/25,100.69 
2014/4/28,100.88 
2014/4/29,100.73 
2014/4/30,99.70 
2014/5/1,99.23 
2014/5/2,99.93 
2014/5/5,99.38 
2014/5/6,99.90 
2014/5/7,100.84 
2014/5/8,100.29 
2014/5/9,100.04 
2014/5/12,100.61 
2014/5/13,101.95 
2014/5/14,102.03 
2014/5/15,101.55 
2014/5/16,102.16 
2014/5/19,102.77 
2014/5/20,102.44 
2014/5/21,103.85 
2014/5/22,103.75 
2014/5/23,104.39 
2014/5/27,104.16 
2014/5/28,103.08 
2014/5/29,103.53 
2014/5/30,102.89 
2014/6/2,102.44 
2014/6/3,102.81 
2014/6/4,102.40 
2014/6/5,102.45 
2014/6/6,102.77 
2014/6/9,104.51 
2014/6/10,104.29 
2014/6/11,104.48 
2014/6/12,106.86 
2014/6/13,106.67 
2014/6/16,106.62 
2014/6/17,106.62 
2014/6/18,106.15 
2014/6/19,106.60 
2014/6/20,107.26 
2014/6/23,106.03 
2014/6/24,105.93 
2014/6/25,106.81 
2014/6/26,105.66 
2014/6/27,105.75 
2014/6/30,105.53 
2014/7/1,105.22 
2014/7/2,104.22 
2014/7/3,104.02 
2014/7/7,103.38 
2014/7/8,103.47 
2014/7/9,101.95 
2014/7/10,102.87 
2014/7/11,100.53 
2014/7/14,101.02 
2014/7/15,100.19 
2014/7/16,101.52 
2014/7/17,103.75 
2014/7/18,102.94 
2014/7/21,104.66 
2014/7/22,104.42 
2014/7/23,103.25 
2014/7/24,102.02 
2014/7/25,101.91 
2014/7/28,101.62 
2014/7/29,100.97 
2014/7/30,99.45 
2014/7/31,97.64 
2014/8/1,97.59 
2014/8/4,98.40 
2014/8/5,97.58 
2014/8/6,96.84 
2014/8/7,97.63 
2014/8/8,97.41 
2014/8/11,97.84 
2014/8/12,97.19 
2014/8/13,97.36 
2014/8/14,95.51 
2014/8/15,97.19 
2014/8/18,96.61 
2014/8/19,94.66 
2014/8/20,96.07 
2014/8/21,93.91 
2014/8/22,93.45 
2014/8/25,93.38 
2014/8/26,93.83 
2014/8/27,93.69 
2014/8/28,94.60 
2014/8/29,95.86 
2014/9/2,93.28 
2014/9/3,95.09 
2014/9/4,94.56 
2014/9/5,93.42 
2014/9/8,93.16 
2014/9/9,92.75 
2014/9/10,91.70 
2014/9/11,93.06 
2014/9/12,92.16 
2014/9/15,92.81 
2014/9/16,94.71 
2014/9/17,94.00 
2014/9/18,93.05 
2014/9/19,92.42 
2014/9/22,91.52 
2014/9/23,91.74 
2014/9/24,92.87 
2014/9/25,92.47 
2014/9/26,93.41 
2014/9/29,94.31 
2014/9/30,91.35 
2014/10/1,90.77 
2014/10/2,91.39 
2014/10/3,89.72 
2014/10/6,90.47 
2014/10/7,88.44 
2014/10/8,87.70 
2014/10/9,84.33 
2014/10/10,85.52 
2014/10/13,85.01 
2014/10/14,82.30 
2014/10/15,80.92 
2014/10/16,83.09 
2014/10/17,83.00 
2014/10/20,82.72 
2014/10/21,82.81 
2014/10/22,80.36 
2014/10/23,81.91 
2014/10/24,81.31 
2014/10/27,80.65 
2014/10/28,81.61 
2014/10/29,81.95 
2014/10/30,80.99 
2014/10/31,80.65 
2014/11/3,78.22 
2014/11/4,77.36 
2014/11/5,78.95 
2014/11/6,77.84 
2014/11/7,78.44 
2014/11/10,77.19 
2014/11/11,77.53 
2014/11/12,76.89 
2014/11/13,74.25 
2014/11/14,75.96 
2014/11/17,75.46 
2014/11/18,74.25 
2014/11/19,74.32 
2014/11/20,75.58 
2014/11/21,76.65 
2014/11/24,75.49 
2014/11/25,73.87 
2014/11/26,73.47 
2014/11/28,66.05 
2014/12/1,69.24 
2014/12/2,67.59 
2014/12/3,67.37 
2014/12/4,66.75 
2014/12/5,65.68 
2014/12/8,63.03 
2014/12/9,63.36 
2014/12/10,61.19 
2014/12/11,59.11 
2014/12/12,57.51 
2014/12/15,55.40 
2014/12/16,55.62 
2014/12/17,55.81 
2014/12/18,55.55 
2014/12/19,56.52 
2014/12/22,55.31 
2014/12/23,56.77 
2014/12/24,55.89 
2014/12/26,55.13 
2014/12/29,53.72 
2014/12/30,53.89 
2014/12/31,53.78 
2015/1/2,52.69 
2015/1/5,49.91 
2015/1/6,48.03 
2015/1/7,48.78 
2015/1/8,48.97 
2015/1/9,48.20 
2015/1/12,45.70 
2015/1/13,46.13 
2015/1/14,48.62 
2015/1/15,46.24 
2015/1/16,48.47 
2015/1/20,46.39 
2015/1/21,47.35 
2015/1/22,46.51 
2015/1/23,45.33 
2015/1/26,45.09 
2015/1/27,45.78 
2015/1/28,44.40 
2015/1/29,44.60 
2015/1/30,47.77 
2015/2/2,49.84 
2015/2/3,51.62 
2015/2/4,48.70 
2015/2/5,50.78 
2015/2/6,52.20 
2015/2/9,52.44 
2015/2/10,50.97 
2015/2/11,49.37 
2015/2/12,51.25 
2015/2/13,52.53 
2015/2/17,53.23 
2015/2/18,50.54 
2015/2/19,51.70 
2015/2/20,50.97 
2015/2/23,49.41 
2015/2/24,49.11 
2015/2/25,51.07 
2015/2/26,48.92 
2015/2/27,49.41 
2015/3/2,49.76 
2015/3/3,50.63 
2015/3/4,51.64 
2015/3/5,50.92 
2015/3/6,49.81 
2015/3/9,50.03 
2015/3/10,48.71 
2015/3/11,48.40 
2015/3/12,46.94 
2015/3/13,44.98 
2015/3/16,43.86 
2015/3/17,42.44 
2015/3/18,44.70 
2015/3/19,44.30 
2015/3/20,45.72 
2015/3/23,47.41 
2015/3/24,47.65 
2015/3/25,48.98 
2015/3/26,50.97 
2015/3/27,48.34 
2015/3/30,48.73 
2015/3/31,47.52 
2015/4/1,49.61 
2015/4/2,49.52 
2015/4/6,51.97 
2015/4/7,53.27 
2015/4/8,50.94 
2015/4/9,50.73 
2015/4/10,51.79 
2015/4/13,52.00 
2015/4/14,53.49 
2015/4/15,55.96 
2015/4/16,56.55 
2015/4/17,56.12 
2015/4/20,56.66 
2015/4/21,55.26 
2015/4/22,56.25 
2015/4/23,57.47 
2015/4/24,57.45 
2015/4/27,56.68 
2015/4/28,56.96 
2015/4/29,58.60 
2015/4/30,59.74 
2015/5/1,59.24 
2015/5/4,58.98 
2015/5/5,60.67 
2015/5/6,60.62 
2015/5/7,58.98 
2015/5/8,59.45 
2015/5/11,59.30 
2015/5/12,61.17 
2015/5/13,60.11 
2015/5/14,59.70 
2015/5/15,59.84 
2015/5/18,59.70 
2015/5/19,57.26 
2015/5/20,58.76 
2015/5/21,60.67 
2015/5/22,59.97 
2015/5/26,58.33 
2015/5/27,57.59 
2015/5/28,57.98 
2015/5/29,60.30 
2015/6/1,60.21 
2015/6/2,61.05 
2015/6/3,59.62 
2015/6/4,57.99 
2015/6/5,58.92 
2015/6/8,58.31 
2015/6/9,60.53 
2015/6/10,61.11 
2015/6/11,60.53 
2015/6/12,59.97 
2015/6/15,59.61 
2015/6/16,60.05 
2015/6/17,59.80 
2015/6/18,60.51 
2015/6/19,59.28 
2015/6/22,59.68 
2015/6/23,61.11 
2015/6/24,60.22 
2015/6/25,59.65 
2015/6/26,59.58 
2015/6/29,58.25 
2015/6/30,59.00 
2015/7/1,56.84 
2015/7/2,56.50 
2015/7/6,52.68 
2015/7/7,52.91 
2015/7/8,51.86 
2015/7/9,52.55 
2015/7/10,52.81 
2015/7/13,52.03 
2015/7/14,53.37 
2015/7/15,51.62 
2015/7/16,50.98 
2015/7/17,50.80 
2015/7/20,49.88 
2015/7/21,50.36 
2015/7/22,49.19 
2015/7/23,48.81 
2015/7/24,47.97 
2015/7/27,47.00 
2015/7/28,47.80 
2015/7/29,48.89 
2015/7/30,48.45 
2015/7/31,46.77 
2015/8/3,45.31 
2015/8/4,45.98 
2015/8/5,45.16 
2015/8/6,44.83 
2015/8/7,43.79 
2015/8/10,44.80 
2015/8/11,43.23 
2015/8/12,43.36 
2015/8/13,42.22 
2015/8/14,42.16 
2015/8/17,41.86 
2015/8/18,42.42 
2015/8/19,40.50 
2015/8/20,41.14 
2015/8/21,40.35 
2015/8/24,38.13 
2015/8/25,39.58 
2015/8/26,38.89 
2015/8/27,42.81 
2015/8/28,45.40 
2015/8/31,48.16 
2015/9/1,44.17 
2015/9/2,46.06 
2015/9/3,46.67 
2015/9/4,45.70 
2015/9/8,45.75 
2015/9/9,44.09 
2015/9/10,45.70 
2015/9/11,44.78 
2015/9/14,44.16 
2015/9/15,45.16 
2015/9/16,47.18 
2015/9/17,46.86 
2015/9/18,44.77 
2015/9/21,45.57 
2015/9/22,45.83 
2015/9/23,44.62 
2015/9/24,45.10 
2015/9/25,45.44 
2015/9/28,44.45 
2015/9/29,44.86 
2015/9/30,45.41 
2015/10/1,45.05 
2015/10/2,45.66 
2015/10/5,46.25 
2015/10/6,49.05 
2015/10/7,48.13 
2015/10/8,49.65 
2015/10/9,49.53 
2015/10/12,47.44 
2015/10/13,46.60 
2015/10/14,46.30 
2015/10/15,46.95 
2015/10/16,47.27 
2015/10/19,46.08 
2015/10/20,45.55 
2015/10/21,45.20 
2015/10/22,45.42 
2015/10/23,44.72 
2015/10/26,43.77 
2015/10/27,43.42 
2015/10/28,46.19 
2015/10/29,45.72 
2015/10/30,46.42 
2015/11/2,46.08 
2015/11/3,47.70 
2015/11/4,46.54 
2015/11/5,45.32 
2015/11/6,44.55 
2015/11/9,44.10 
2015/11/10,43.65 
2015/11/11,42.99 
2015/11/12,41.61 
2015/11/13,40.75 
2015/11/16,42.04 
2015/11/17,41.06 
2015/11/18,40.59 
2015/11/19,40.53 
2015/11/20,40.39 
2015/11/23,42.03 
2015/11/24,42.64 
2015/11/25,43.20 
2015/11/27,41.76 
2015/11/30,41.69 
2015/12/1,41.66 
2015/12/2,40.10 
2015/12/3,41.28 
2015/12/4,40.15 
2015/12/7,37.64 
2015/12/8,37.84 
2015/12/9,37.23 
2015/12/10,36.56 
2015/12/11,35.36 
2015/12/14,36.25 
2015/12/15,36.74 
2015/12/16,35.72 
2015/12/17,34.72 
2015/12/18,34.49 
2015/12/21,34.74 
2015/12/22,36.45 
2015/12/23,37.89 
2015/12/24,38.11 
2015/12/28,36.69 
2015/12/29,37.36 
2015/12/30,36.80 
2015/12/31,37.11 
2016/1/4,36.89 
2016/1/5,36.12 
2016/1/6,34.04 
2016/1/7,33.27 
2016/1/8,32.91 
2016/1/11,31.12 
2016/1/12,30.57 
2016/1/13,30.55 
2016/1/14,31.22 
2016/1/15,29.71 
2016/1/19,28.38 
2016/1/20,26.55 
2016/1/21,29.85 
2016/1/22,32.25 
2016/1/25,29.80 
2016/1/26,30.52 
2016/1/27,32.17 
2016/1/28,33.75 
2016/1/29,33.75 
2016/2/1,31.33 
2016/2/2,29.66 
2016/2/3,32.72 
2016/2/4,31.66 
2016/2/5,30.99 
2016/2/8,30.16 
2016/2/9,28.30 
2016/2/10,27.30 
2016/2/11,27.22 
2016/2/12,29.12 
2016/2/16,29.12 
2016/2/17,31.43 
2016/2/18,30.70 
2016/2/19,29.87 
2016/2/22,31.48 
2016/2/23,31.40 
2016/2/24,32.21 
2016/2/25,33.07 
2016/2/26,32.79 
2016/2/29,33.91 
2016/3/1,33.85 
2016/3/2,34.74 
2016/3/3,34.69 
2016/3/4,36.31 
2016/3/7,37.97 
2016/3/8,36.36 
2016/3/9,38.20 
2016/3/10,38.02 
2016/3/11,38.48 
2016/3/14,37.36 
2016/3/15,36.77 
2016/3/16,38.55 
2016/3/17,40.34 
2016/3/18,40.53 
2016/3/21,39.91 
2016/3/22,41.24 
2016/3/23,39.77 
2016/3/24,39.52 
2016/3/28,39.33 
2016/3/29,38.49 
2016/3/30,38.29 
2016/3/31,38.12 
2016/4/1,36.70 
2016/4/4,35.48 
2016/4/5,36.57 
2016/4/6,37.73 
2016/4/7,37.48 
2016/4/8,39.67 
2016/4/11,40.35 
2016/4/12,41.66 
2016/4/13,41.55 
2016/4/14,41.45 
2016/4/15,40.41 
2016/4/18,40.05 
2016/4/19,41.26 
2016/4/20,42.63 
2016/4/21,43.43 
2016/4/22,43.72 
2016/4/25,42.98 
2016/4/26,44.67 
2016/4/27,45.32 
2016/4/28,45.87 
2016/4/29,46.00 
2016/5/2,44.92 
2016/5/3,43.86 
2016/5/4,44.05 
2016/5/5,44.47 
2016/5/6,44.61 
2016/5/9,43.26 
2016/5/10,44.55 
2016/5/11,46.01 
2016/5/12,46.43 
2016/5/13,46.35 
2016/5/16,47.89 
2016/5/17,48.56 
2016/5/18,47.98 
2016/5/19,48.49 
2016/5/20,47.47 
2016/5/23,48.11 
2016/5/24,49.14 
2016/5/25,49.70 
2016/5/26,49.37 
2016/5/27,49.55 
2016/5/31,48.87 
2016/6/1,48.92 
2016/6/2,49.02 
2016/6/3,48.85 
2016/6/6,49.73 
2016/6/7,50.42 
2016/6/8,51.50 
2016/6/9,50.44 
2016/6/10,48.92 
2016/6/13,48.57 
2016/6/14,47.88 
2016/6/15,47.46 
2016/6/16,46.01 
2016/6/17,48.22 
2016/6/20,49.30 
2016/6/21,48.85 
2016/6/22,48.98 
2016/6/23,50.18 
2016/6/24,47.61 
2016/6/27,46.62 
2016/6/28,48.08 
2016/6/29,49.53 
2016/6/30,48.38 
2016/7/1,49.26 
2016/7/5,46.85 
2016/7/6,47.87 
2016/7/7,45.20 
2016/7/8,45.16 
2016/7/11,44.54 
2016/7/12,46.62 
2016/7/13,45.11 
2016/7/14,45.49 
2016/7/15,46.26 
2016/7/18,45.22 
2016/7/19,44.47 
2016/7/20,44.94 
2016/7/21,44.53 
2016/7/22,44.27 
2016/7/25,43.05 
2016/7/26,42.65 
2016/7/27,41.89 
2016/7/28,41.11 
2016/7/29,41.38 
2016/8/1,40.05 
2016/8/2,39.72 
2016/8/3,41.19 
2016/8/4,41.78 
2016/8/5,41.98 
2016/8/8,42.87 
2016/8/9,42.73 
2016/8/10,41.48 
2016/8/11,43.41 
2016/8/12,44.73 
2016/8/15,45.68 
2016/8/16,46.39 
2016/8/17,46.90 
2016/8/18,48.34 
2016/8/19,48.48 
2016/8/22,47.05 
2016/8/23,47.57 
2016/8/24,46.78 
2016/8/25,47.38 
2016/8/26,47.30 
2016/8/29,46.95 
2016/8/30,46.27 
2016/8/31,44.84 
2016/9/1,43.51 
2016/9/2,44.24 
2016/9/6,44.88 
2016/9/7,46.14 
2016/9/8,47.31 
2016/9/9,45.72 
2016/9/12,46.05 
2016/9/13,44.97 
2016/9/14,43.62 
2016/9/15,43.72 
2016/9/16,43.14 
2016/9/19,43.25 
2016/9/20,43.44 
2016/9/21,45.63 
2016/9/22,46.09 
2016/9/23,44.61 
2016/9/26,45.64 
2016/9/27,44.92 
2016/9/28,47.17 
2016/9/29,47.73 
2016/9/30,48.05 
2016/10/3,48.66 
2016/10/4,49.20 
2016/10/5,49.69 
2016/10/6,50.59 
2016/10/7,49.62 
2016/10/10,51.14 
2016/10/11,50.84 
2016/10/12,50.03 
2016/10/13,50.52 
2016/10/14,50.33 
2016/10/17,50.06 
2016/10/18,50.75 
2016/10/19,51.72 
2016/10/20,50.43 
2016/10/21,50.95 
2016/10/24,50.46 
2016/10/25,49.33 
2016/10/26,49.19 
2016/10/27,49.61 
2016/10/28,48.66 
2016/10/31,46.72 
2016/11/1,46.39 
2016/11/2,45.49 
2016/11/3,44.65 
2016/11/4,44.14 
2016/11/7,44.95 
2016/11/8,44.83 
2016/11/9,45.34 
2016/11/10,44.32 
2016/11/11,43.16 
2016/11/14,43.71 
2016/11/15,45.77 
2016/11/16,45.36 
2016/11/17,44.94 
2016/11/18,45.50 
2016/11/21,47.49 
2016/11/22,47.87 
2016/11/23,47.94 
2016/11/25,45.96 
2016/11/28,46.92 
2016/11/29,45.27 
2016/11/30,49.00 
2016/12/1,50.87 
2016/12/2,51.67 
2016/12/5,50.96 
2016/12/6,50.91 
2016/12/7,49.85 
2016/12/8,50.93 
2016/12/9,51.48 
2016/12/12,52.42 
2016/12/13,52.45 
2016/12/14,50.78 
2016/12/15,51.06 
2016/12/16,52.03 
2016/12/19,52.03 
2016/12/20,52.23 
2016/12/21,52.50 
2016/12/22,52.64 
2016/12/23,53.24 
2016/12/27,53.85 
2016/12/28,53.66 
2016/12/29,53.86 
2016/12/30,53.89 
2017/1/3,52.48 
2017/1/4,53.35 
2017/1/5,53.76 
2017/1/6,53.69 
2017/1/9,51.77 
2017/1/10,50.77 
2017/1/11,52.39 
2017/1/12,53.05 
2017/1/13,52.53 
2017/1/17,52.53 
2017/1/18,51.44 
2017/1/19,51.47 
2017/1/20,52.48 
2017/1/23,52.84 
2017/1/24,52.92 
2017/1/25,52.94 
2017/1/26,53.73 
2017/1/27,53.17 
2017/1/30,52.60 
2017/1/31,52.80 
2017/2/1,53.55 
2017/2/2,53.70 
2017/2/3,53.84 
2017/2/6,53.12 
2017/2/7,51.69 
2017/2/8,52.39 
2017/2/9,53.16 
2017/2/10,53.84 
2017/2/13,52.88 
2017/2/14,53.03 
2017/2/15,53.01 
2017/2/16,53.43 
2017/2/17,53.38 
2017/2/21,54.06 
2017/2/22,53.88 
2017/2/23,54.39 
2017/2/24,54.00 
2017/2/27,54.03 
2017/2/28,53.99 
2017/3/1,53.67 
2017/3/2,52.59 
2017/3/3,53.20 
2017/3/6,53.18 
2017/3/7,52.77 
2017/3/8,50.19 
2017/3/9,49.62 
2017/3/10,48.38 
2017/3/13,48.44 
2017/3/14,48.48 
2017/3/15,48.98 
2017/3/16,48.80 
2017/3/17,48.68 
2017/3/20,48.20 
2017/3/21,47.34 
2017/3/22,48.12 
2017/3/23,47.67 
2017/3/24,48.13 
2017/3/27,47.84 
2017/3/28,48.45 
2017/3/29,49.60 
2017/3/30,50.36 
2017/3/31,50.79 
2017/4/3,50.24 
2017/4/4,51.10 
2017/4/5,50.84 
2017/4/6,51.74 
2017/4/7,52.33 
2017/4/10,53.15 
2017/4/11,53.41 
2017/4/12,52.84 
2017/4/13,52.93 
2017/4/17,52.73 
2017/4/18,52.33 
2017/4/19,50.62 
2017/4/20,50.27 
2017/4/21,49.63 
2017/4/24,49.20 
2017/4/25,49.38 
2017/4/26,49.18 
2017/4/27,49.23 
2017/4/28,49.20 
2017/5/1,48.73 
2017/5/2,48.06 
2017/5/3,47.56 
2017/5/4,45.48 
2017/5/5,46.47 
2017/5/8,46.50 
2017/5/9,46.18 
2017/5/10,47.34 
2017/5/11,47.81 
2017/5/12,47.86 
2017/5/15,48.82 
2017/5/16,48.25 
2017/5/17,48.94 
2017/5/18,49.36 
2017/5/19,50.49 
2017/5/22,50.73 
2017/5/23,51.51 
2017/5/24,51.30 
2017/5/25,48.67 
2017/5/26,49.84 
2017/5/30,49.61 
2017/5/31,48.63 
2017/6/1,48.01 
2017/6/2,47.77 
2017/6/5,47.40 
2017/6/6,47.98 
2017/6/7,45.77 
2017/6/8,45.69 
2017/6/9,45.94 
2017/6/12,46.00 
2017/6/13,45.95 
2017/6/14,44.66 
2017/6/15,44.25 
2017/6/16,44.70 
2017/6/19,44.10 
2017/6/20,43.23 
2017/6/21,42.50 
2017/6/22,42.77 
2017/6/23,43.12 
2017/6/26,43.48 
2017/6/27,43.73 
2017/6/28,44.87 
2017/6/29,44.86 
2017/6/30,46.34 
2017/7/3,47.05 
2017/7/5,45.62 
2017/7/6,45.33 
2017/7/7,44.33 
2017/7/10,44.55 
2017/7/11,45.76 
2017/7/12,45.42 
2017/7/13,46.08 
2017/7/14,46.64 
2017/7/17,45.98 
2017/7/18,46.25 
2017/7/19,47.16 
2017/7/20,46.79 
2017/7/21,45.59 
2017/7/24,46.45 
2017/7/25,48.58 
2017/7/26,48.72 
2017/7/27,49.14 
2017/7/28,49.77 
2017/7/31,50.19 
2017/8/1,48.78 
2017/8/2,49.58 
2017/8/3,48.93 
2017/8/4,49.52 
2017/8/7,49.33 
2017/8/8,48.97 
2017/8/9,49.69 
2017/8/10,48.52 
2017/8/11,48.80 
2017/8/14,47.52 
2017/8/15,47.70 
2017/8/16,46.78 
2017/8/17,46.95 
2017/8/18,48.63 
2017/8/21,47.63 
2017/8/22,47.64 
2017/8/23,48.39 
2017/8/24,47.59 
2017/8/25,47.83 
2017/8/28,46.78 
2017/8/29,46.31 
2017/8/30,45.94 
2017/8/31,47.08 
2017/9/1,47.33 
2017/9/4,47.32 
2017/9/5,48.50 
2017/9/6,49.09 
2017/9/7,49.04 
2017/9/8,47.49 
2017/9/10,47.62 
2017/9/11,48.02 
2017/9/12,48.25 
2017/9/13,49.19 
2017/9/14,49.72 
2017/9/15,49.80 
2017/9/17,49.79 
2017/9/18,49.95 
2017/9/19,49.79 
2017/9/20,50.30 
2017/9/21,50.31 
2017/9/22,50.27 
2017/9/24,50.27 
2017/9/25,51.73 
2017/9/26,51.74 
2017/9/27,51.75 
2017/9/28,51.28 
2017/9/29,51.34 
2017/10/1,51.36 
2017/10/2,50.30 
2017/10/3,49.83 
2017/10/4,49.66 
2017/10/5,50.56 
2017/10/6,49.03 
2017/10/8,49.28 
2017/10/9,49.43 
2017/10/10,50.74 
2017/10/11,50.97 
2017/10/12,50.60 
2017/10/13,51.31 
2017/10/15,51.82 
2017/10/16,51.79 
2017/10/17,51.98 
2017/10/18,52.08 
2017/10/19,51.39 
2017/10/20,51.84 
2017/10/22,51.91 
2017/10/23,51.72 
2017/10/24,52.27 
2017/10/25,51.95 
2017/10/26,52.50 
2017/10/27,54.00 
2017/10/29,53.91 
2017/10/30,53.91 
2017/10/31,54.43 
2017/11/1,54.11 
2017/11/2,54.79 
2017/11/3,55.59 
2017/11/5,55.72 
2017/11/6,57.12 
2017/11/7,56.91 
2017/11/8,56.77 
2017/11/9,56.96 
2017/11/10,56.81 
2017/11/12,56.84 
2017/11/13,56.67 
2017/11/14,55.02 
2017/11/15,55.25 
2017/11/16,55.17 
2017/11/17,56.61 
2017/11/19,56.58 
2017/11/20,56.16 
2017/11/21,56.88 
2017/11/22,57.79 
2017/11/23,58.22 
2017/11/24,58.68 
2017/11/26,58.71 
2017/11/27,57.71 
2017/11/28,57.56 
2017/11/29,57.23 
2017/11/30,57.24 
2017/12/1,58.17 
2017/12/3,58.09 
2017/12/4,57.35 
2017/12/5,57.34 
2017/12/6,55.99 
2017/12/7,56.50 
2017/12/8,57.25 
2017/12/10,57.12 
2017/12/11,57.88 
2017/12/12,57.41 
2017/12/13,56.74 
2017/12/14,57.05 
2017/12/15,57.31 
2017/12/17,57.38 
2017/12/18,57.28 
2017/12/19,57.65 
2017/12/20,58.00 
2017/12/21,58.14 
2017/12/22,58.44 
2017/12/26,59.78 
2017/12/27,59.54 
2017/12/28,59.81 
2017/12/29,60.23 
2018/1/2,60.40 
2018/1/3,61.81 
2018/1/4,61.92 
2018/1/5,61.55 
2018/1/7,61.64 
2018/1/8,62.23 
2018/1/9,63.34 
2018/1/10,63.44 
2018/1/11,63.51 
2018/1/12,64.38 
2018/1/14,64.28 
2018/1/15,64.72 
2018/1/16,63.87 
2018/1/17,64.21 
2018/1/18,63.66 
2018/1/19,63.56 
2018/1/21,63.49 
2018/1/22,63.94 
2018/1/23,64.51 
2018/1/24,65.85 
2018/1/25,65.22 
2018/1/26,66.31 
2018/1/28,66.31 
2018/1/29,65.56 
2018/1/30,63.83 
2018/1/31,64.93 
2018/2/1,66.11 
2018/2/2,65.12 
2018/2/4,65.06 
2018/2/5,63.62 
2018/2/6,63.91 
2018/2/7,61.71 
2018/2/8,60.52 
2018/2/9,59.09 
2018/2/11,59.39 
2018/2/12,59.55 
2018/2/13,58.97 
2018/2/14,60.83 
2018/2/15,61.49 
2018/2/16,61.65 
2018/2/18,61.83 
2018/2/19,62.47 
2018/2/20,61.73 
2018/2/21,61.33 
2018/2/22,62.73 
2018/2/23,63.65 
2018/2/25,63.64 
2018/2/26,64.05 
2018/2/27,62.89 
2018/2/28,61.52 
2018/3/1,61.30 
2018/3/2,61.52 
2018/3/4,61.62 
2018/3/5,62.65 
2018/3/6,62.08 
2018/3/7,61.34 
2018/3/8,60.32 
2018/3/9,62.18 
2018/3/11,62.18 
2018/3/12,61.31 
2018/3/13,60.89 
2018/3/14,60.95 
2018/3/15,61.26 
2018/3/16,62.26 
2018/3/18,62.12 
2018/3/19,62.14 
2018/3/20,63.66 
2018/3/21,65.30 
2018/3/22,64.47 
2018/3/23,65.75 
2018/3/25,66.33 
2018/3/26,65.50 
2018/3/27,64.75 
2018/3/28,64.61 
2018/3/29,64.86 
2018/4/1,65.03 
2018/4/2,63.02 
2018/4/3,63.48 
2018/4/4,63.61 
2018/4/5,63.12 
2018/4/6,61.89 
2018/4/8,62.13 
2018/4/9,63.26 
2018/4/10,65.62 
2018/4/11,66.80 
2018/4/12,66.83 
2018/4/13,67.31 
2018/4/15,67.14 
2018/4/16,66.42 
2018/4/17,66.59 
2018/4/18,68.75 
2018/4/19,68.39 
2018/4/20,68.09 
2018/4/22,68.23 
2018/4/23,68.98 
2018/4/24,67.83 
2018/4/25,68.22 
2018/4/26,68.11 
2018/4/27,67.98 
2018/4/29,67.99 
2018/4/30,68.53 
2018/5/1,67.45 
2018/5/2,67.66 
2018/5/3,68.51 
2018/5/4,69.78 
2018/5/6,69.78 
2018/5/7,70.02 
2018/5/8,70.21 
2018/5/9,71.42 
2018/5/10,71.50 
2018/5/11,70.52 
2018/5/13,70.64 
2018/5/14,71.06 
2018/5/15,70.97 
2018/5/16,71.55 
2018/5/17,71.58 
2018/5/18,71.39 
2018/5/20,71.67 
2018/5/21,72.44 
2018/5/22,72.08 
2018/5/23,71.75 
2018/5/24,70.59 
2018/5/25,67.42 
2018/5/27,67.29 
2018/5/28,66.97 
2018/5/29,66.73 
2018/5/30,68.04 
2018/5/31,67.02 
2018/6/1,65.71 
2018/6/3,65.72 
2018/6/4,64.92 
2018/6/5,65.51 
2018/6/6,65.11 
2018/6/7,66.09 
2018/6/8,65.55 
2018/6/10,65.52 
2018/6/11,66.11 
2018/6/12,65.83 
2018/6/13,66.62 
2018/6/14,66.94 
2018/6/15,64.35 
2018/6/17,64.39 
2018/6/18,65.61 
2018/6/19,65.25 
2018/6/20,65.67 
2018/6/21,65.97 
2018/6/22,69.35 
2018/6/24,68.89 
2018/6/25,68.16 
2018/6/26,70.75 
2018/6/27,72.61 
2018/6/28,73.45 
2018/6/29,74.39 
2018/7/1,73.59 
2018/7/2,74.06 
2018/7/3,74.72 
2018/7/4,74.22 
2018/7/5,73.15 
2018/7/6,74.00 
2018/7/8,73.94 
2018/7/9,74.03 
2018/7/10,74.08 
2018/7/11,70.64 
2018/7/12,70.36 
2018/7/13,70.59 
2018/7/15,70.71 
2018/7/16,68.08 
2018/7/17,67.81 
2018/7/18,68.94 
2018/7/19,69.52 
2018/7/20,69.47 
2018/7/22,69.53 
2018/7/23,69.02 
2018/7/24,69.91 
2018/7/25,70.58 
2018/7/26,70.64 
2018/7/27,70.07 
2018/7/29,69.92 
2018/7/30,71.04 
2018/7/31,69.28 
2018/8/1,68.64 
2018/8/2,69.72 
2018/8/3,69.42 
2018/8/5,69.25 
2018/8/6,69.50 
2018/8/7,69.78 
2018/8/8,67.31 
2018/8/9,67.25 
2018/8/10,68.23 
2018/8/12,68.17 
2018/8/13,67.72 
2018/8/14,67.02 
2018/8/15,65.11 
2018/8/16,65.61 
2018/8/17,66.08 
2018/8/19,65.86 
2018/8/20,66.31 
2018/8/21,66.88 
2018/8/22,68.81 
2018/8/23,68.65 
2018/8/24,69.34 
2018/8/26,69.38 
2018/8/27,69.67 
2018/8/28,69.22 
2018/8/29,70.30 
2018/8/30,70.64 
2018/8/31,70.49 
2018/9/2,70.44 
2018/9/3,70.61 
2018/9/4,69.86 
2018/9/5,69.02 
2018/9/6,68.33 
2018/9/7,68.17 
2018/9/9,68.42 
2018/9/10,67.86 
2018/9/11,70.09 
2018/9/12,70.39 
2018/9/13,69.04 
2018/9/14,69.17 
2018/9/16,68.89 
2018/9/17,68.61 
2018/9/18,69.86 
2018/9/19,71.42 
2018/9/20,70.55 
2018/9/21,71.09 
2018/9/23,71.81 
2018/9/24,72.50 
2018/9/25,72.23 
2018/9/26,72.42 
2018/9/27,72.42 
2018/9/28,73.78 
2018/9/30,73.75 
2018/10/1,75.77 
2018/10/2,75.42 
2018/10/3,76.39 
2018/10/4,74.97 
2018/10/5,74.50 
2018/10/7,74.05 
2018/10/8,74.42 
2018/10/9,74.91 
2018/10/10,72.80 
2018/10/11,71.20 
2018/10/12,71.56 
2018/10/14,72.39 
2018/10/15,71.92 
2018/10/16,72.32 
2018/10/17,69.95 
2018/10/18,68.83 
2018/10/19,69.39 
2018/10/21,69.34 
2018/10/22,69.47 
2018/10/23,66.27 
2018/10/24,66.06 
2018/10/25,66.81 
2018/10/26,67.50 
2018/10/28,67.59 
2018/10/29,66.61 
2018/10/30,66.40 
2018/10/31,64.95 
2018/11/1,63.52 
2018/11/2,62.77 
2018/11/4,62.91 
2018/11/5,62.80 
2018/11/6,61.74 
2018/11/7,61.62 
2018/11/8,60.68 
2018/11/9,59.80 
2018/11/11,60.76 
2018/11/12,58.94 
2018/11/13,55.70 
2018/11/14,55.89 
2018/11/15,56.47 
2018/11/16,56.81 
2018/11/18,57.09 
2018/11/19,57.19 
2018/11/20,53.30 
2018/11/21,54.47 
2018/11/22,53.84 
2018/11/23,50.89 
2018/11/25,50.45 
2018/11/26,51.45 
2018/11/27,51.93 
2018/11/28,50.47 
2018/11/29,51.27 
2018/11/30,50.60 
2018/12/2,52.21 
2018/12/3,53.16 
2018/12/4,52.68 
2018/12/5,52.59 
2018/12/6,51.42 
2018/12/7,52.05 
2018/12/9,52.33 
2018/12/10,50.89 
2018/12/11,51.98 
2018/12/12,51.31 
2018/12/13,52.78 
2018/12/14,51.17 
2018/12/16,51.30 
2018/12/17,49.32 
2018/12/18,46.30 
2018/12/19,47.08 
2018/12/20,46.06 
2018/12/21,45.08 
2018/12/23,45.33 
2018/12/24,42.27 
2018/12/26,46.39 
2018/12/27,45.23 
2018/12/28,44.92 
2018/12/30,45.34 
2018/12/31,45.00 
2019/1/2,45.66 
2019/1/3,46.78 
2019/1/4,48.18 
2019/1/6,48.49 
2019/1/7,48.66 
2019/1/8,49.89 
2019/1/9,52.08 
2019/1/10,52.20 
2019/1/11,51.64 
2019/1/13,51.78 
2019/1/14,50.64 
2019/1/15,51.87 
2019/1/16,52.23 
2019/1/17,52.17 
2019/1/18,53.67 
2019/1/20,53.36 
2019/1/21,53.95 
2019/1/22,52.62 
2019/1/23,52.20 
2019/1/24,52.84 
2019/1/25,53.30 
2019/1/27,53.05 
2019/1/28,51.86 
2019/1/29,53.12 
2019/1/30,54.28 
2019/1/31,53.71 
2019/2/1,55.17 
2019/2/3,55.06 
2019/2/4,54.59 
2019/2/5,53.64 
2019/2/6,53.83 
2019/2/7,52.38 
2019/2/8,52.60 
2019/2/10,52.41 
2019/2/11,52.34 
2019/2/12,53.41 
2019/2/13,53.92 
2019/2/14,54.52 
2019/2/15,55.76 
2019/2/17,55.91 
2019/2/18,55.86 
2019/2/19,55.91 
2019/2/20,56.83 
2019/2/21,56.49 
2019/2/22,56.74 
2019/2/24,57.02 
2019/2/25,55.15 
2019/2/26,55.73 
2019/2/27,56.70 
2019/2/28,56.94 
2019/3/1,55.50 
2019/3/3,55.78 
2019/3/4,56.22 
2019/3/5,55.98 
2019/3/6,55.95 
2019/3/7,56.28 
2019/3/8,55.86 
2019/3/10,56.02 
2019/3/11,56.87 
2019/3/12,57.06 
2019/3/13,58.23 
2019/3/14,58.48 
2019/3/15,58.34 
2019/3/17,58.41 
2019/3/18,59.05 
2019/3/19,58.92 
2019/3/20,59.80 
2019/3/21,59.64 
2019/3/22,58.69 
2019/3/24,58.56 
2019/3/25,58.92 
2019/3/26,59.62 
2019/3/27,59.12 
2019/3/28,59.30 
2019/3/29,59.98 
2019/3/31,60.17 
2019/4/1,61.58 
2019/4/2,62.36 
2019/4/3,62.26 
2019/4/4,61.84 
2019/4/5,63.16 
2019/4/7,63.31 
2019/4/8,64.35 
2019/4/9,64.09 
2019/4/10,64.27 
2019/4/11,63.71 
2019/4/12,63.73 
2019/4/14,63.61 
2019/4/15,63.46 
2019/4/16,64.33 
2019/4/17,63.71 
2019/4/18,63.96 
2019/4/21,64.39 
2019/4/22,65.67 
2019/4/23,65.94 
2019/4/24,65.66 
2019/4/25,64.89 
2019/4/26,62.77 
2019/4/28,62.78 
2019/4/29,63.47 
2019/4/30,63.48 
2019/5/1,63.41 
2019/5/2,61.62 
2019/5/3,61.80 
2019/5/5,60.45 
2019/5/6,62.26 
2019/5/7,61.51 
2019/5/8,61.91 
2019/5/9,61.84 
2019/5/10,61.71 
2019/5/12,61.30 
2019/5/13,60.92 
2019/5/14,61.27 
2019/5/15,62.20 
2019/5/16,63.16 
2019/5/17,62.74 
2019/5/19,63.41 
2019/5/20,63.24 
2019/5/21,62.63 
2019/5/22,61.20 
2019/5/23,58.05 
2019/5/24,58.88 
2019/5/26,58.66 
2019/5/27,59.04 
2019/5/28,58.80 
2019/5/29,58.95 
2019/5/30,55.79 
2019/5/31,53.25 
2019/6/2,52.74 
2019/6/3,53.02 
2019/6/4,52.98 
2019/6/5,51.55 
2019/6/6,53.20 
2019/6/7,53.98 
2019/6/9,54.38 
2019/6/10,53.28 
2019/6/11,52.77 
2019/6/12,51.20 
2019/6/13,52.05 
2019/6/14,52.47 
2019/6/16,52.66 
2019/6/17,51.84 
2019/6/18,54.20 
2019/6/19,54.41 
2019/6/20,57.18 
2019/6/21,57.36 
2019/6/23,57.61 
2019/6/24,57.60 
2019/6/25,58.59 
2019/6/26,58.77 
2019/6/27,59.17 
2019/6/28,58.02 
2019/6/30,59.38 
2019/7/1,58.58 
2019/7/2,56.40 
2019/7/3,57.27 
2019/7/4,56.66 
2019/7/5,57.61 
2019/7/7,57.55 
2019/7/8,57.34 
2019/7/9,58.57 
2019/7/10,60.38 
2019/7/11,60.34 
2019/7/12,60.28 
2019/7/14,60.06 
2019/7/15,59.41 
2019/7/16,57.56 
2019/7/17,56.53 
2019/7/18,55.66 
2019/7/19,55.74 
2019/7/21,56.09 
2019/7/22,55.95 
2019/7/23,56.91 
2019/7/24,55.86 
2019/7/25,55.95 
2019/7/26,56.05 
2019/7/28,55.88 
2019/7/29,57.01 
2019/7/30,58.16 
2019/7/31,57.54 
2019/8/1,54.34 
2019/8/2,55.12 
2019/8/4,55.27 
2019/8/5,53.98 
2019/8/6,53.31 
2019/8/7,52.23 
2019/8/8,52.77 
2019/8/9,54.22 
2019/8/11,54.20 
2019/8/12,54.80 
2019/8/13,56.76 
2019/8/14,54.92 
2019/8/15,54.76 
2019/8/16,54.88 
2019/8/18,55.22 
2019/8/19,56.01 
2019/8/20,56.23 
2019/8/21,56.02 
2019/8/22,55.55 
2019/8/23,53.96 
2019/8/25,53.15 
2019/8/26,53.82 
2019/8/27,55.63 
2019/8/28,55.88 
2019/8/29,56.61 
2019/8/30,55.17 
2019/9/1,54.83 
2019/9/2,54.69 
2019/9/3,53.88 
2019/9/4,56.05 
2019/9/5,56.28 
2019/9/6,56.66 
2019/9/8,56.88 
2019/9/9,58.19 
2019/9/10,57.97 
2019/9/11,56.22 
2019/9/12,55.17 
2019/9/13,54.84 
2019/9/15,61.34 
2019/9/16,61.88 
2019/9/17,58.91 
2019/9/18,58.11 
2019/9/19,58.87 
2019/9/20,58.41 
2019/9/22,58.72 
2019/9/23,58.38 
2019/9/24,56.83 
2019/9/25,56.74 
2019/9/26,56.30 
2019/9/27,56.17 
2019/9/29,56.08 
2019/9/30,54.26 
2019/10/1,54.05 
2019/10/2,52.52 
2019/10/3,52.38 
2019/10/4,53.00 
2019/10/6,52.64 
2019/10/7,52.95 
2019/10/8,52.41 
2019/10/9,52.20 
2019/10/10,53.92 
2019/10/11,54.89 
2019/10/13,54.80 
2019/10/14,53.55 
2019/10/15,52.99 
2019/10/16,52.81 
2019/10/17,53.95 
2019/10/18,53.73 
2019/10/20,53.56 
2019/10/21,53.39 
2019/10/22,54.05 
2019/10/23,55.59 
2019/10/24,55.95 
2019/10/25,56.49 
2019/10/27,56.56 
2019/10/28,55.70 
2019/10/29,55.36 
2019/10/30,54.76 
2019/10/31,53.97 
2019/11/1,56.05 
2019/11/3,56.11 
2019/11/4,56.48 
2019/11/5,57.01 
2019/11/6,56.24 
2019/11/7,56.88 
2019/11/8,57.36 
2019/11/10,57.06 
2019/11/11,56.59 
2019/11/12,56.62 
2019/11/13,57.38 
2019/11/14,56.95 
2019/11/15,57.86 
2019/11/17,57.73 
2019/11/18,56.91 
2019/11/19,55.26 
2019/11/20,56.88 
2019/11/21,58.26 
2019/11/22,57.84 
2019/11/24,57.92 
2019/11/25,57.87 
2019/11/26,58.20 
2019/11/27,57.91 
2019/11/28,58.01 
2019/11/29,55.36 
2019/12/1,55.76 
2019/12/2,55.99 
2019/12/3,56.37 
2019/12/4,58.38 
2019/12/5,58.31 
2019/12/6,59.11 
2019/12/8,58.94 
2019/12/9,58.84 
2019/12/10,59.06 
2019/12/11,58.91 
2019/12/12,59.56 
2019/12/13,59.78 
2019/12/15,59.76 
2019/12/16,60.12 
2019/12/17,60.55 
2019/12/18,60.88 
2019/12/19,61.14 
2019/12/20,60.44 
2019/12/22,60.51 
2019/12/23,60.64 
2019/12/24,61.16 
2019/12/26,61.73 
2019/12/27,61.74 
2019/12/29,61.77 
2019/12/30,61.69 
2019/12/31,61.22 
2020/1/2,61.19 
2020/1/3,63.10 
2020/1/5,63.89 
2020/1/6,62.99 
2020/1/7,64.92 
2020/1/8,59.97 
2020/1/9,59.55 
2020/1/10,59.17 
2020/1/12,58.94 
2020/1/13,58.12 
2020/1/14,58.09 
2020/1/15,58.12 
2020/1/16,58.61 
2020/1/17,58.77 
2020/1/19,59.22 
2020/1/20,58.67 
2020/1/21,58.26 
2020/1/22,56.09 
2020/1/23,55.62 
2020/1/24,54.13 
2020/1/26,52.56 
2020/1/27,52.91 
2020/1/28,53.74 
2020/1/29,53.09 
2020/1/30,52.84 
2020/1/31,51.57 
2020/2/2,51.02 
2020/2/3,49.88 
2020/2/4,49.58 
2020/2/5,51.20 
2020/2/6,51.41 
2020/2/7,50.34 
2020/2/9,49.74 
2020/2/10,49.78 
2020/2/11,50.12 
2020/2/12,51.45 
2020/2/13,51.39 
2020/2/14,52.20 
2020/2/16,52.11 
2020/2/17,51.95 
2020/2/18,52.16 
2020/2/19,53.53 
2020/2/20,53.26 
2020/2/21,53.22 
2020/2/23,51.87 
2020/2/24,51.27 
2020/2/25,50.01 
2020/2/26,48.26 
2020/2/27,46.66 
2020/2/28,45.13 
2020/3/1,44.45 
2020/3/2,47.80 
2020/3/3,46.91 
2020/3/4,47.23 
2020/3/5,46.12 
2020/3/6,41.53 
2020/3/8,32.45 
2020/3/9,32.38 
2020/3/10,34.01 
2020/3/11,33.09 
2020/3/12,31.02 
2020/3/13,32.98 
2020/3/15,30.45 
2020/3/16,29.13 
2020/3/17,26.48 
2020/3/18,23.57 
2020/3/19,26.00 
2020/3/20,23.20 
2020/3/22,21.23 
2020/3/23,24.05 
2020/3/24,24.25 
2020/3/25,23.89 
2020/3/26,22.77 
2020/3/27,21.53 
2020/3/29,20.05 
2020/3/30,20.27 
2020/3/31,20.05 
2020/4/1,21.02 
2020/4/2,24.46 
2020/4/3,28.50 
2020/4/5,26.13 
2020/4/6,26.75 
2020/4/7,24.45 
2020/4/8,26.23 
2020/4/9,23.05 
2020/4/12,23.12 
2020/4/13,22.80 
2020/4/14,20.79 
2020/4/15,20.25 
2020/4/16,19.88 
2020/4/17,18.16 
2020/4/19,17.05 
2020/4/20,11.96 
2020/4/21,7.98 
2020/4/22,8.05 
2020/4/23,8.21 
2020/4/24,7.99 
2020/4/26,8.07 
2020/4/27,7.79 
2020/4/28,7.79 
2020/4/29,8.16 
2020/4/30,8.62 
2020/5/1,8.31 
2020/5/3,8.27 
2020/5/4,8.73 
2020/5/5,9.68 
2020/5/6,9.11 
2020/5/7,9.12 
2020/5/8,9.61 
2020/5/10,9.71 
2020/5/11,9.46 
2020/5/12,9.38 
2020/5/13,9.41 
2020/5/14,9.79 
2020/5/15,10.17 
2020/5/17,10.46 
2020/5/18,11.21 
2020/5/19,11.00 
2020/5/20,11.50 
2020/5/21,11.75 
2020/5/22,11.63 
2020/5/24,11.66 
2020/5/25,12.02 
2020/5/26,12.18 
2020/5/27,11.59 
2020/5/28,12.07 
2020/5/29,12.67 
2020/5/31,12.77 
2020/6/1,12.93 
2020/6/2,13.48 
2020/6/3,13.59 
2020/6/4,13.77 
2020/6/5,14.33 
2020/6/7,14.98 
2020/6/8,14.46 
2020/6/9,14.45 
2020/6/10,14.62 
2020/6/11,13.71 
2020/6/12,14.12 
2020/6/14,13.96 
2020/6/15,14.70 
2020/6/16,14.96 
2020/6/17,14.93 
2020/6/18,15.54 
2020/6/19,15.61 
2020/6/21,15.91 
2020/6/22,16.46 
2020/6/23,16.28 
2020/6/24,15.62 
2020/6/25,16.09 
2020/6/26,15.87 
2020/6/28,15.96 
2020/6/29,16.64 
2020/6/30,16.73 
2020/7/1,16.86 
2020/7/2,17.25 
2020/7/3,17.38 
2020/7/5,17.68 
2020/7/6,17.89 
2020/7/7,17.86 
2020/7/8,18.19 
2020/7/9,17.88 
2020/7/10,18.37 
2020/7/12,18.41 
2020/7/13,18.27 
2020/7/14,18.77 
2020/7/15,19.07 
2020/7/16,19.09 
2020/7/17,19.14 
2020/7/19,19.41 
2020/7/20,19.54 
2020/7/21,19.96 
2020/7/22,20.13 
2020/7/23,20.00 
2020/7/24,20.27 
2020/7/26,20.43 
2020/7/27,20.87 
2020/7/28,20.77 
2020/7/29,21.00 
2020/7/30,20.73 
2020/7/31,20.90 
2020/8/2,21.05 
2020/8/3,21.41 
2020/8/4,21.88 
2020/8/5,22.45 
2020/8/6,22.55 
2020/8/7,22.42 
2020/8/9,22.73 
2020/8/10,23.04 
2020/8/11,22.98 
2020/8/12,23.62 
2020/8/13,23.75 
2020/8/14,23.76 
2020/8/16,24.12 
2020/8/17,24.50 
2020/8/18,24.59 
2020/8/19,24.69 
2020/8/20,24.84 
2020/8/21,24.62 
2020/8/23,25.02 
2020/8/24,25.27 
2020/8/25,25.91 
2020/8/26,26.11 
2020/8/27,25.95 
2020/8/28,26.14 
2020/8/30,26.52 
2020/8/31,26.57 
2020/9/1,26.87 
2020/9/2,26.29 
2020/9/3,25.95 
2020/9/4,25.22 
2020/9/6,25.07 
2020/9/7,25.52 
2020/9/8,24.07 
2020/9/9,24.91 
2020/9/10,24.73 
2020/9/11,24.88 
2020/9/13,25.23 
2020/9/14,25.32 
2020/9/15,26.21 
2020/9/16,27.48 
2020/9/17,41.14 
2020/9/18,41.19 
2020/9/20,41.07 
2020/9/21,39.98 
2020/9/22,39.77 
2020/9/23,39.41 
2020/9/24,40.40 
2020/9/25,40.16 
2020/9/27,40.20 
2020/9/28,40.70 
2020/9/29,39.27 
2020/9/30,40.17 
2020/10/1,38.66 
2020/10/2,37.20 
2020/10/4,37.48 
2020/10/5,39.39 
2020/10/6,40.01 
2020/10/7,40.27 
2020/10/8,41.45 
2020/10/9,40.80 
2020/10/11,40.48 
2020/10/12,39.86 
2020/10/13,40.41 
2020/10/14,41.48 
2020/10/15,41.19 
2020/10/16,41.01 
2020/10/18,41.23 
2020/10/19,40.95 
2020/10/20,41.47 
2020/10/21,39.95 
2020/10/22,40.67 
2020/10/23,39.80 
2020/10/25,39.31 
2020/10/26,38.75 
2020/10/27,38.99 
2020/10/28,37.88 
2020/10/29,36.34 
2020/10/30,35.92 
2020/11/1,34.19 
2020/11/2,37.27 
2020/11/3,38.62 
2020/11/4,39.23 
2020/11/5,38.66 
2020/11/6,37.70 
2020/11/8,38.05 
2020/11/9,39.93 
2020/11/10,41.88 
2020/11/11,41.78 
2020/11/12,41.00 
2020/11/13,40.38 
2020/11/15,40.73 
2020/11/16,41.62 
2020/11/17,41.52 
2020/11/18,41.80 
2020/11/19,41.69 
2020/11/20,42.48 
2020/11/22,42.52 
2020/11/23,43.22 
2020/11/24,44.88 
2020/11/25,45.86 
2020/11/26,45.05 
2020/11/27,45.74 
2020/11/29,45.24 
2020/11/30,45.29 
2020/12/1,44.25 
2020/12/2,45.00 
2020/12/3,45.79 
2020/12/4,46.19 
2020/12/6,46.17 
2020/12/7,45.75 
2020/12/8,45.66 
2020/12/9,45.84 
2020/12/10,47.23 
2020/12/11,46.70 
2020/12/13,46.82 
2020/12/14,47.12 
2020/12/15,47.71 
2020/12/16,48.02 
2020/12/17,48.55 
2020/12/18,49.26 
2020/12/20,48.60 
2020/12/21,47.83 
2020/12/22,46.89 
2020/12/23,48.09 
2020/12/24,48.28 
2020/12/27,47.93 
2020/12/28,47.87 
2020/12/29,47.94 
2020/12/30,48.22 
2020/12/31,48.27 
2021/1/3,48.30 
2021/1/4,47.28 
2021/1/5,49.66 
2021/1/6,50.38 
2021/1/7,50.84 
2021/1/8,52.60 
2021/1/10,52.22 
2021/1/11,52.03 
2021/1/12,53.30 
2021/1/13,52.69 
2021/1/14,53.73 
2021/1/15,52.01 
2021/1/17,52.12 
2021/1/18,52.30 
2021/1/19,53.12 
2021/1/20,52.89 
2021/1/21,52.95 
2021/1/22,51.92 
2021/1/24,52.23 
2021/1/25,52.80 
2021/1/26,52.72 
2021/1/27,52.36 
2021/1/28,52.17 
2021/1/29,52.10 
2021/1/31,51.92 
2021/2/1,53.55 
2021/2/2,54.91 
2021/2/3,55.86 
2021/2/4,56.49 
2021/2/5,57.04 
2021/2/7,57.36 
2021/2/8,58.02 
2021/2/9,58.37 
2021/2/10,58.30 
2021/2/11,57.94 
2021/2/12,59.68 
2021/2/14,60.34 
2021/2/15,60.08 
2021/2/16,59.97 
2021/2/17,61.77 
2021/2/18,59.70 
2021/2/19,59.02 
2021/2/21,59.59 
2021/2/22,61.56 
2021/2/23,61.20 
2021/2/24,63.52 
2021/2/25,63.39 
2021/2/26,61.56 
2021/2/28,62.45 
2021/3/1,60.23 
2021/3/2,59.39 
2021/3/3,60.70 
2021/3/4,64.19 
2021/3/5,66.23 
2021/3/7,67.12 
2021/3/8,64.86 
2021/3/9,63.92 
2021/3/10,64.64 
2021/3/11,65.89 
2021/3/12,65.54 
2021/3/14,65.94 
2021/3/15,65.30 
2021/3/16,64.88 
2021/3/17,64.58 
2021/3/18,59.76 
2021/3/19,61.46 
2021/3/21,60.88 
2021/3/22,61.27 
2021/3/23,57.53 
2021/3/24,60.59 
2021/3/25,58.74 
2021/3/26,60.71 
2021/3/28,60.72 
2021/3/29,62.09 
2021/3/30,60.38 
2021/3/31,59.55 
2021/4/1,61.25 
2021/4/4,61.26 
2021/4/5,58.89 
2021/4/6,59.17 
2021/4/7,59.62 
2021/4/8,59.73 
2021/4/9,59.32 
2021/4/11,59.55 
2021/4/12,59.76 
2021/4/13,60.52 
2021/4/14,62.88 
2021/4/15,63.34 
2021/4/16,63.07 
2021/4/18,62.80 
2021/4/19,63.55 
2021/4/20,62.28 
2021/4/21,61.08 
2021/4/22,61.80 
2021/4/23,61.98 
2021/4/25,61.88 
2021/4/26,62.02 
2021/4/27,62.95 
2021/4/28,63.77 
2021/4/29,64.75 
2021/4/30,63.44 
2021/5/2,63.70 
2021/5/3,64.61 
2021/5/4,66.20 
2021/5/5,65.09 
2021/5/6,64.88 
2021/5/7,64.81 
2021/5/9,65.44 
2021/5/10,64.95 
2021/5/11,65.50 
2021/5/12,65.69 
2021/5/13,63.82 
2021/5/14,65.49 
2021/5/16,65.53 
2021/5/17,66.34 
2021/5/18,65.17 
2021/5/19,63.34 
2021/5/20,62.09 
2021/5/21,63.84 
2021/5/23,63.62 
2021/5/24,66.00 
2021/5/25,65.89 
2021/5/26,66.11 
2021/5/27,67.30 
2021/5/28,66.64 
2021/5/30,66.56 
2021/5/31,66.94 
2021/6/1,67.91 
2021/6/2,68.72 
2021/6/3,68.75 
2021/6/4,69.39 
2021/6/6,69.70 
2021/6/7,69.09 
2021/6/8,70.00 
2021/6/9,69.70 
2021/6/10,70.17 
2021/6/11,70.79 
2021/6/13,70.95 
2021/6/14,71.03 
2021/6/15,72.39 
2021/6/16,71.47 
2021/6/17,70.91 
2021/6/18,71.39 
2021/6/20,71.84 
2021/6/21,73.41 
2021/6/22,73.19 
2021/6/23,73.52 
2021/6/24,73.59 
2021/6/25,74.34 
2021/6/27,74.44 
2021/6/28,73.17 
2021/6/29,73.72 
2021/6/30,73.77 
2021/7/1,75.28 
2021/7/2,75.29 
2021/7/4,75.36 
2021/7/5,76.44 
2021/7/6,73.77 
2021/7/7,72.28 
2021/7/8,73.39 
2021/7/9,74.78 
2021/7/11,74.83 
2021/7/12,74.33 
2021/7/13,75.12 
2021/7/14,72.86 
2021/7/15,71.44 
2021/7/16,71.52 
2021/7/18,71.42 
2021/7/19,67.19 
2021/7/20,67.03 
2021/7/21,70.53 
2021/7/22,72.00 
2021/7/23,72.45 
2021/7/26,72.33 
2021/7/27,72.22 
2021/7/28,72.64 
2021/7/29,73.52 
2021/7/30,73.94 
2021/8/1,73.92 
2021/8/2,71.56 
2021/8/3,70.56 
2021/8/4,68.25 
2021/8/5,69.17 
2021/8/6,68.02 
2021/8/8,67.30 
2021/8/9,67.05 
2021/8/10,68.58 
2021/8/11,69.39 
2021/8/12,68.91 
2021/8/13,68.10 
2021/8/15,68.12 
2021/8/16,67.64 
2021/8/17,66.59 
2021/8/18,64.70 
2021/8/19,63.86 
2021/8/20,62.06 
2021/8/22,62.51 
2021/8/23,65.73 
2021/8/24,67.61 
2021/8/25,68.17 
2021/8/26,68.00 
2021/8/27,68.89 
2021/8/29,69.50 
2021/8/30,69.28 
2021/8/31,68.64 
2021/9/1,68.34 
2021/9/2,69.86 
2021/9/3,69.25 
2021/9/5,68.86 
2021/9/6,68.89 
2021/9/7,68.53 
2021/9/8,69.33 
2021/9/9,68.03 
2021/9/10,69.75 
2021/9/12,70.17 
2021/9/13,70.69 
2021/9/14,70.84 
2021/9/15,72.59 
2021/9/16,72.61 
2021/9/17,72.09 
2021/9/19,71.75 
2021/9/20,70.89 
2021/9/21,70.97 
2021/9/22,72.19 
2021/9/23,73.50 
2021/9/24,74.20 
2021/9/26,75.03 
2021/9/27,75.58 
2021/9/28,74.64 
2021/9/29,74.86 
2021/9/30,75.44 
2021/10/1,75.88 
2021/10/3,75.97 
2021/10/4,77.69 
2021/10/5,79.12 
2021/10/6,77.31 
2021/10/7,78.94 
2021/10/8,79.68 
2021/10/10,79.78 
2021/10/11,80.48 
2021/10/12,80.38 
2021/10/13,80.83 
2021/10/14,81.78 
2021/10/15,82.57 
2021/10/17,83.00 
2021/10/18,82.25 
2021/10/19,83.12 
2021/10/20,84.25 
2021/10/21,82.88 
2021/10/22,84.56 
2021/10/24,84.58 
2021/10/25,84.31 
2021/10/26,84.70 
2021/10/27,82.67 
2021/10/28,83.16 
2021/10/29,83.67 
2021/10/31,83.34 
2021/11/1,84.23 
2021/11/2,83.28 
2021/11/3,80.66 
2021/11/4,80.05 
2021/11/5,81.44 
2021/11/7,81.77 
2021/11/8,82.26 
2021/11/9,84.83 
2021/11/10,81.72 
2021/11/11,81.50 
2021/11/12,80.80 
2021/11/14,81.02 
2021/11/15,80.80 
2021/11/16,80.61 
2021/11/17,78.53 
2021/11/18,79.31 
2021/11/19,76.63 
2021/11/21,76.42 
2021/11/22,77.26 
2021/11/23,79.08 
2021/11/24,79.17 
2021/11/25,78.17 
2021/11/26,68.89 
2021/11/28,72.00 
2021/11/29,71.42 
2021/11/30,67.47 
2021/12/1,66.77 
2021/12/2,67.84 
2021/12/3,66.74 
2021/12/5,67.95 
2021/12/6,70.16 
2021/12/7,72.22 
2021/12/8,72.94 
2021/12/9,70.84 
2021/12/10,72.27 
